longitude,latitude,suburb
151.028841,-33.885689,Lidcombe - Regents Park
151.024129,-33.866524,Auburn
145.009147,-37.638886,Epping
144.747709,-37.916855,Point Cook
150.9476006,-34.2802575,Thirroul - Austinmer - Coalcliff
144.9977212,-37.85316219,Prahran - Windsor
131.407918,-24.95752174,Petermann - Simpson
144.9899139,-37.74037572,Preston
150.1657422,-27.49342632,Tara
144.8352543,-37.67466803,Melbourne Airport
152.9853515,-27.48096156,Toowong
144.9999269,-37.80344106,Abbotsford
147.7303821,-37.88875949,Lake King
145.7262636,-16.95510716,Earlville - Bayview Heights
145.0090062,-37.59011303,Wollert
153.0499434,-27.70337446,Boronia Heights - Park Ridge
147.3059318,-42.83419521,Derwent Park - Lutana
143.6123654,-35.73235525,Gannawarra
115.6130288,-33.41127478,Dalyellup
151.1087562,-33.91544852,Canterbury (South) - Campsie
117.5273266,-31.7764478,Cunderdin
149.1301165,-35.21486268,Mitchell
153.0530929,-27.59345618,Sunnybank Hills
147.1985378,-42.83136175,Berriedale - Chigwell
150.8070712,-34.0255565,Claymore - Eagle Vale - Raby
150.5009251,-23.32352829,Parkhurst - Kawana
146.4642958,-41.28477639,Latrobe
152.4368478,-24.8473,Bargara - Burnett Heads
116.0465732,-31.91852074,Helena Valley - Koongamia
145.2469299,-37.91603348,Rowville - Central
152.8630748,-27.61129998,Collingwood Park - Redbank
145.0465426,-37.74271822,Heidelberg West
145.1799736,-37.96240875,Noble Park - East
151.8069043,-32.87115649,Stockton - Fullerton Cove
144.4189913,-38.17152961,Newcomb - Moolap
123.6271416,-21.63285758,East Pilbara
151.8829674,-32.7117405,Williamtown - Medowie - Karuah
144.3679608,-38.16264574,Geelong
147.2847662,-42.91858074,South Hobart - Fern Tree
150.8158857,-33.74102302,Bidwill - Hebersham - Emerton
149.1330232,-35.40527469,Macarthur
149.1436728,-35.19788461,Franklin
151.5014488,-33.2566605,Gorokan - Kanwal - Charmhaven
153.0949127,-30.32301103,Coffs Harbour - South
147.2106526,-43.03020741,Margate - Snug
150.8794576,-33.89345812,Bonnyrigg Heights - Bonnyrigg
149.1255094,-35.31666813,Forrest
152.7020899,-30.42936893,Bellingen
148.5714046,-36.47707021,Jindabyne - Berridale
147.5282681,-37.9686015,Paynesville
153.2387837,-27.491721,Wellington Point
135.295828,-33.2826427,Le Hunte - Elliston
152.7113349,-27.5357125,Ipswich - North
152.9667169,-27.06533849,Caboolture
115.6567918,-33.36595747,College Grove - Carey Park
150.1546076,-35.8446165,Broulee - Tomakin
151.0854248,-34.044291,Gymea - Grays Point
151.954185,-27.52673749,North Toowoomba - Harlaxton
133.2325402,-15.046191,Elsey
147.3792567,-42.87156778,Bellerive - Rosny
151.0474795,-33.81033364,Ermington - Rydalmere
151.1382404,-33.9919525,Sans Souci - Ramsgate
151.2260229,-33.8331502,Cremorne - Cammeray
144.9611882,-37.76450327,Brunswick
144.9406137,-37.74314,Pascoe Vale South
116.2822179,-31.9710615,Malmalling - Reservoir
151.4790735,-32.685698,Maitland - West
150.5497623,-34.202054,Picton - Tahmoor - Buxton
145.4280162,-37.50116396,Kinglake
115.8885117,-32.0520664,Willetton
116.1841969,-31.88693895,Mundaring
151.0792895,-33.76809205,Epping - North Epping
118.9769146,-32.871025,Kulin
115.7690182,-32.03742152,East Fremantle
130.9886135,-12.510666,Rosebery - Bellamack
146.897011,-36.03648335,Albury - North
116.0246891,-31.85036495,Middle Swan - Herne Hill
115.7766892,-32.0710396,Fremantle - South
153.0458246,-27.46520287,New Farm
150.2109959,-35.78071401,Batemans Bay - South
149.1698652,-35.32228696,Fyshwick
144.922719,-37.77979594,Ascot Vale
144.6877917,-37.87659629,Hoppers Crossing - South
153.1433977,-27.56825564,Rochedale - Burbank
149.3082658,-30.3361628,Narrabri Region
145.0188475,-37.87442349,Caulfield - North
115.8175293,-32.366095,Baldivis
145.0693464,-37.87877283,Malvern East
153.0166292,-27.5233545,Yeronga
149.0340249,-35.20031363,Charnwood
144.2565895,-36.7078938,California Gully - Eaglehawk
152.7491163,-27.644412,Churchill - Yamanto
151.137514,-34.05435346,Woolaware - Burraneer
153.3971891,-27.96546454,Southport
115.8501438,-32.15508539,Success - Hammond Park
151.2096937,-33.86945443,Sydney - Haymarket - The Rocks
150.5844944,-34.757853,Berry - Kangaroo Valley
145.2175588,-38.02178249,Dandenong
150.8557165,-33.74551349,Glendenning Dean Park
149.1085535,-35.49799108,Tuggeranong
115.7264204,-31.72804408,Iluka - Burns Beach
147.1512671,-41.402565,Mowbray
145.0321076,-41.155057,North West
152.2816706,-28.8382023,Tenterfield
153.1358733,-26.78614154,Moffat Beach - Battery Hill
151.0904867,-33.69811001,Hornsby - Waitara
152.7470026,-26.5986425,Maroochy Hinterland
150.9061789,-33.87767441,St Johns Park - Wakeley
152.1278005,-32.7323315,Nelson Bay Peninsula
139.2676163,-35.137158,Murray Bridge
147.0683371,-41.59474629,Longford
153.0784688,-26.725624,Sippy Downs
150.5426341,-23.41728351,Rockhampton City
145.1480781,-37.97140695,Springvale South
153.0911228,-27.3637645,Nudgee - Banyo
115.7789184,-32.08416805,Hamilton Hill
151.107677,-33.82679051,Ryde - Putney
145.2662735,-37.84797498,Bayswater
152.9376372,-28.511875,Kyogle
144.2390119,-36.80483871,Kangaroo Flat - Golden Square
150.8768544,-33.87836422,Edensor Park
152.970354,-27.2942735,Bray Park
148.020652,-34.60277939,Cootamundra
115.7563303,-32.00028462,Cottesloe
150.7971153,-23.2549775,Emu Park
115.833159,-31.96185764,Kings Park (WA)
150.9722664,-34.1791895,Helensburgh
147.2957272,-42.70055899,Brighton - Pontville
127.7913637,-19.12824673,Halls Creek
146.7861991,-19.29945125,Mundingburra
145.2534485,-38.06166822,Lynbrook - Lyndhurst
149.0993357,-35.27813557,Black Mountain
145.1737259,-37.6597975,Wattle Glen - Diamond Creek
145.1938632,-38.16409558,Langwarrin
144.9523339,-37.56840638,Craigieburn - North
146.387378,-36.06480431,Rutherglen
153.2073454,-27.498657,Birkdale
115.8116319,-31.90675121,Osborne Park Industrial
138.5929722,-34.88416511,Prospect
96.83023933,-12.17126273,Cocos (Keeling) Islands
149.1645349,-35.29678583,Duntroon
147.1259838,-41.451876,West Launceston
151.5809436,-33.13145997,Summerland Point - Gwandalan
151.6713625,-30.502111,Armidale
150.563822,-23.37191318,Lakes Creek
150.0658002,-36.3307695,Narooma - Bermagui
139.0370227,-33.71758994,Goyder
145.0996158,-37.97813746,Moorabbin Airport
118.5993465,-20.4075415,South Hedland
144.8644972,-37.80252165,West Footscray - Tottenham
151.1785083,-33.9487135,Sydney Airport
144.5193087,-37.35738203,Woodend
144.8793787,-37.72427416,Airport West
153.4483733,-27.56529593,Redland Islands
153.0215286,-26.64504346,Diddillibah - Rosemount
116.1992803,-30.53737363,Moora
138.5147056,-34.927381,Fulham
152.5567167,-26.23046899,Gympie Region
151.6391718,-32.87584282,Maryland - Fletcher - Minmi
151.5362401,-32.7600355,Maitland
130.9579561,-12.51451827,Palmerston - South
152.9196048,-27.41408902,Upper Kedron - Ferny Grove
144.8037414,-33.94449799,Hay
144.9954192,-37.84008837,South Yarra - East
145.1329713,-38.17604058,Frankston South
144.2881956,-38.17623641,Highton
148.9083258,-34.82273551,Yass
130.9212847,-12.36977024,Buffalo Creek
138.5676852,-34.89403433,Hindmarsh - Brompton
144.969279,-37.80007177,Carlton
145.168174,-37.03121224,Seymour
144.8883219,-37.86038759,Williamstown
144.9933104,-37.71076849,Reservoir - West
115.8112799,-32.2036015,Hope Valley - Postans
150.8681549,-32.0577065,Scone
133.8309878,-23.77855499,Ross
152.9854548,-27.4949955,Taringa
149.1133074,-35.35296684,O'Malley
151.0199379,-33.82016036,Parramatta - Rosehill
138.5437428,-34.82242799,Dry Creek - South
146.0437523,-34.27704499,Griffith (NSW)
151.9297834,-27.55907151,Newtown (Qld)
152.9870315,-26.78878641,Landsborough
150.7787196,-34.12393123,Rosemeadow - Glen Alpine
151.1439449,-33.93633434,Arncliffe - Bardwell Valley
153.1291352,-27.639401,Slacks Creek
145.0824008,-37.70499898,Watsonia
149.1135046,-35.30127038,Yarralumla
153.3920777,-28.07155473,Robina
150.2740183,-33.64716451,Blackheath - Megalong Valley
135.7816716,-34.70322201,Port Lincoln
143.9242606,-17.12984487,Tablelands
152.9848561,-27.54241952,Corinda
149.1421525,-35.28247949,Reid
153.1748674,-27.39403988,Brisbane Port - Lytton
145.0497171,-37.83310224,Hawthorn East
138.636716,-34.87247324,Windsor Gardens
153.033058,-27.511429,Annerley
117.0307537,-33.15669123,Wagin
138.538514,-34.69325111,Virginia - Waterloo Corner
153.0292906,-27.23245838,North Lakes - Mango Hill
151.2418498,-33.92041503,Randwick
145.5613922,-38.20632611,Koo Wee Rup
115.8485829,-32.02957913,Booragoon
152.9780655,-27.28052741,Lawnton
153.0805798,-27.53220249,Mount Gravatt
150.8969168,-33.95125172,Casula
153.0848995,-26.53618603,Coolum Beach
153.0624097,-27.52630848,Holland Park West
146.6448248,-36.13612052,Chiltern - Indigo Valley
144.9682849,-37.78504366,Carlton North - Princes Hill
151.0866778,-33.91314852,Belmore - Belfield
150.9835191,-33.83213306,Merrylands - Holroyd
149.036043,-35.24786757,Hawker
146.6296066,-19.3202595,Bohle Plains
144.2885092,-36.79024818,Flora Hill - Spring Gully
142.2180167,-36.7275842,Horsham
150.6789671,-33.78438049,Glenmore Park - Regentville
115.9345432,-32.13856024,Forrestdale - Harrisdale - Piara Waters
138.4655,-35.29634118,Aldinga
151.1315309,-33.85944747,Five Dock - Abbotsford
145.7635314,-16.91058141,Cairns City
136.790453,-32.52920054,Quorn - Lake Gilles
115.6371746,-33.33499789,South Bunbury - Bunbury
150.6892775,-35.00761401,Callala Bay - Currarong
116.7684469,-32.02632903,York - Beverley
139.740688,-34.1840045,Waikerie
145.9392641,-41.07538651,Burnie - Wivenhoe
151.0412722,-33.79437765,Oatlands - Dundas Valley
145.0881617,-37.38722525,Wallan
153.4905206,-28.24784099,Terranora - North Tumblegum
150.891746,-33.77928369,Blacktown (West)
145.0106306,-37.63055011,Epping - West
149.101144,-35.45794371,Conder
150.7151676,-34.38956354,Illawarra Catchment Reserve
115.9113591,-31.88916253,Morley
153.4270392,-27.95653957,Main Beach
149.0673199,-35.23721332,Belconnen
150.9013862,-33.83938,Wetherill Park Industrial
144.124553,-36.8094075,Bendigo Region - South
147.5631385,-37.31667047,Bruthen - Omeo
150.9999615,-33.71936353,Castle Hill
144.7788072,-37.84075739,Laverton
151.0704448,-33.97028787,Mortdale - Penshurst
145.3814497,-37.22858794,Yea
149.2126392,-21.08278627,Slade Point
145.761844,-16.94283114,Westcourt - Bungalow
151.2807715,-33.77039093,Freshwater - Brookvale
153.0356158,-27.73845602,Munruben - Park Ridge South
117.1497129,-32.4839815,Brookton
153.0321474,-28.84347917,Casino
146.4055233,-34.52834555,Leeton
153.01746,-27.36604004,Aspley
151.1517242,-32.581987,Singleton
145.7366393,-16.91682751,Manoora
150.9734272,-33.7188406,Castle Hill - West
144.896712,-37.80098875,Footscray
145.4031589,-36.34115387,Shepparton - North
133.8325329,-23.67121827,Larapinta
142.9836923,-37.2698695,Ararat
152.9752614,-27.561282,Oxley (Qld)
142.2016583,-34.1505806,Wentworth - Buronga
116.9583722,-21.12388207,Roebourne
152.4695004,-27.2098075,Esk
152.6749279,-26.17795098,Gympie - North
149.7402799,-36.18192549,Deua - Wadbilliga
152.9821345,-27.4447305,Ashgrove
145.5599736,-37.949593,Emerald - Cockatoo
151.640637,-32.96099445,Warners Bay - Boolaroo
115.7592787,-32.27397637,Rockingham
145.2220978,-37.69955272,Research - North Warrandyte
147.2821738,-42.87000151,Lenah Valley - Mount Stuart
151.0295979,-33.92887065,Bankstown - South
138.8424165,-35.31607789,Strathalbyn Region
116.0030861,-31.94726441,High Wycombe
143.569653,-37.79877277,Golden Plains - North
145.2804918,-37.89104583,Ferntree Gully (South) - Upper Ferntree Gully
149.0272506,-35.29358,Denman Prospect
153.0170441,-27.3481201,Carseldine
151.2528185,-33.7979455,Balgowlah - Clontarf - Seaforth
143.8638546,-37.5943193,Ballarat - South
145.0163277,-37.74271822,Preston - East
140.7079729,-37.81266183,Mount Gambier - West
145.0255107,-37.77456574,Alphington - Fairfield
147.1204755,-32.78814591,Condobolin
150.9529049,-33.92355569,Chipping Norton - Moorebank
153.036154,-27.45645448,Fortitude Valley
151.1672067,-33.86603349,Lilyfield - Rozelle
145.0720823,-37.74482867,Heidelberg - Rosanna
145.2056681,-37.78507802,Donvale - Park Orchards
145.0833848,-36.82679231,Nagambie
149.0195684,-35.19513216,Dunlop
129.7418929,-21.1153099,Tanami
142.021635,-37.743101,Hamilton (Vic.)
148.1790766,-33.173727,Parkes (NSW)
138.6490141,-34.83094183,Ingle Farm
138.7822477,-34.00998242,Gilbert Valley
150.5161612,-32.4875414,Muswellbrook Region
151.1859777,-33.87834917,Glebe - Forest Lodge
148.6797972,-32.25209149,Dubbo - East
151.2880304,-33.72443297,Narrabeen - Collaroy
144.343549,-38.1789365,Belmont
134.3503593,-32.25894092,West Coast (SA)
145.2400997,-37.984652,Doveton
147.3033336,-34.38366629,Temora
151.8331998,-25.02757321,Gin Gin
140.5059483,-36.13308049,Tatiara
144.7563645,-37.73126296,Burnside Heights
150.8452021,-34.6812499,Kiama
151.0443281,-33.72128084,Cherrybrook
150.5164514,-24.387925,Biloela
144.8843101,-37.77241106,Maribyrnong
145.0347334,-37.82955245,Hawthorn
151.5591807,-33.016599,Toronto - Awaba
148.5378995,-26.3973547,Roma Region
147.1935076,-42.76348276,Austins Ferry - Granton
115.9415999,-32.01286429,Cannington - Queens Park
153.049966,-27.68353851,Regents Park - Heritage Park
116.6648506,-31.69916289,Northam
144.9676869,-37.72481463,Coburg North
153.3546595,-28.11770576,Mudgeeraba - Bonogin
153.00873,-27.39800258,Stafford Heights
145.2924015,-37.7981523,Croydon - East
149.0464049,-35.33337555,Holder
153.2672181,-27.5292985,Cleveland
148.2445694,-29.82866211,Walgett - Lightning Ridge
145.1535747,-38.34136413,Hastings - Somers
115.8841334,-32.62320807,Pinjarra
153.1045385,-30.28307438,Coffs Harbour - North
115.7788971,-32.160235,Henderson
151.6180059,-32.91130399,Edgeworth - Cameron Park
145.2693793,-38.00641687,Hallam
153.1170132,-26.7742005,Aroona - Currimundi
145.0493518,-37.71451544,Kingsbury
153.072738,-27.347745,Boondall
130.8948938,-12.38251545,Wulagi
146.8725114,-19.3243715,Wulguru - Roseneath
144.9343131,-37.59337387,Craigieburn - Central
144.936047,-37.62841176,Roxburgh Park - Somerton
146.7716642,-19.2558425,Garbutt - West End
147.3493903,-42.79240254,Risdon Vale
151.1921462,-33.90764083,Erskineville - Alexandria
150.7854397,-33.79910139,St Clair
116.1771053,-29.54710814,Morawa
153.0681968,-27.42989888,Ascot
115.6988711,-32.54478061,Halls Head - Erskine
152.9892631,-27.50632187,Indooroopilly
150.7795785,-33.7597486,St Marys - Colyton
130.972605,-12.5058208,Moulden
115.8181461,-31.75608146,Wanneroo
149.2031688,-35.37429926,Queanbeyan West - Jerrabomberra
153.1641566,-27.43989179,Wynnum
146.3339165,-41.22738172,Quoiba - Spreyton
150.3881357,-23.7228085,Mount Morgan
146.7712405,-19.28122902,Gulliver - Currajong - Vincent
151.0412952,-33.89284953,Chullora
144.8239394,-37.86232881,Altona
150.9124825,-33.75953576,Blacktown (East) - Kings Park
152.9458673,-27.44442469,The Gap
138.8663911,-35.0637055,Mount Barker
153.3886533,-28.01101876,Benowa
138.6998457,-34.56662301,Gawler - North
153.0629964,-27.62854156,Calamvale - Stretton
116.0060815,-31.89400246,Midland - Guildford
145.322689,-37.85598185,The Basin
145.2292119,-37.80893126,Ringwood
151.7282062,-32.89094302,Mayfield - Warabrook
150.8775534,-34.516113,Windang - Primbee
150.409921,-23.48391649,Gracemere
151.1171065,-33.90604607,Canterbury (North) - Ashbury
145.6863997,-16.90582794,Redlynch
116.3458539,-32.7710025,Murray
144.8363743,-37.76290527,Sunshine North
115.8096909,-31.95514561,Subiaco - Shenton Park
145.2513018,-38.09922272,Cranbourne West
151.3524553,-33.47872147,Saratoga - Davistown
145.1266972,-37.95026996,Clayton South
151.7052466,-32.9816885,Charlestown - Dudley
138.9684499,-34.52482449,Tanunda
147.6025991,-36.36592132,Towong
150.8723823,-34.1069135,Holsworthy Military Area
138.6863458,-34.68554938,Smithfield - Elizabeth North
150.9925114,-33.75702935,Baulkham Hills (East)
151.8194138,-31.88805268,Gloucester
151.0062234,-33.797683,North Parramatta
150.8832961,-34.39565717,Balgownie - Fairy Meadow
138.5713557,-35.10773536,Woodcroft
152.7992452,-28.9051005,Casino Region
146.0068276,-17.51908745,Innisfail
148.2113341,-35.02808928,Gundagai
144.8462104,-37.72255826,Keilor
115.865227,-32.219049,Anketell - Wandi
145.4606467,-37.7602402,Wandin - Seville
146.7903636,-19.28311731,Hyde Park - Pimlico
152.5257252,-31.97410899,Old Bar - Manning Point - Red Head
115.6294516,-33.37464921,Withers - Usher
146.306145,-36.35487318,Wangaratta
115.9128013,-31.98342681,East Victoria Park - Carlisle
147.2975523,-38.13496129,Longford - Loch Sport
147.1013899,-41.44184411,Trevallyn
138.5275871,-34.78212301,Torrens Island
144.339935,-38.10478275,North Geelong - Bell Park
145.081745,-37.81013882,Balwyn
152.9669921,-26.92518002,Glass House Mountains
145.1029923,-37.70152349,Greensborough
149.0501914,-35.34868442,Stirling
150.9891469,-33.73497009,Castle Hill - Central
145.2674,-17.95390753,Herberton
145.856079,-18.12341917,Tully
115.8982915,-31.82505917,Ballajura
145.1449168,-37.75652831,Templestowe
147.9795727,-32.90364517,Parkes Region
151.7132507,-32.94225577,Adamstown - Kotara
149.1078685,-35.16985202,Ngunnawal
140.509461,-34.25525279,Barmera
148.6173759,-32.33491215,Dubbo Region
138.5864597,-35.02494901,Bellevue Heights
150.8999761,-34.4209965,Wollongong
149.0134664,-35.22500383,Holt
150.7576658,-33.58588452,Richmond - Clarendon
140.4073951,-36.99597618,Naracoorte Region
146.808653,-19.2541095,Townsville City - North Ward
150.8272887,-34.1224245,Bradbury - Wedderburn
153.0717018,-27.56174701,Macgregor (Qld)
153.422698,-28.0019335,Surfers Paradise
149.1197371,-35.44949927,Theodore
151.0101933,-33.74240602,Castle Hill - South
145.3295485,-37.90391189,Upwey - Tecoma
145.1761765,-37.81688741,Nunawading
118.2594406,-34.71002182,Albany Region
145.3104195,-38.15598682,Cranbourne South
145.0652284,-37.96082145,Cheltenham - Highett (East)
118.0538011,-34.41538551,Stirling Range National Park
147.3335664,-35.1538913,Wagga Wagga - South
145.2535561,-37.81917472,Ringwood East
153.0716012,-27.3214584,Sandgate - Shorncliffe
115.8542141,-31.9258391,North Perth
153.3270411,-28.05283049,Worongary - Tallai
146.2076758,-42.840841,Wilderness - East
138.5427833,-34.98318405,Morphettville
149.0715643,-35.21059965,Evatt
151.1033499,-34.01245916,Sylvania - Taren Point
130.8813182,-12.38868072,Moil
117.4607241,-33.58142055,Katanning
152.8968919,-31.48184399,Port Macquarie - East
115.7623305,-32.52625793,Greenfields
152.9811716,-26.855732,Beerwah
115.6432893,-31.54596497,Yanchep
130.8883464,-12.37162006,Wanguri
144.7713988,-37.73919195,Kings Park (Vic.)
145.0319008,-38.27430103,Mount Martha
153.0195957,-27.479789,South Brisbane
147.0053508,-36.33317168,Yackandandah
125.3902854,-26.85869133,Leinster - Leonora
152.3096651,-24.8807265,Millbank - Avoca
150.9383101,-33.89991671,Cabramatta - Lansvale
153.1047838,-27.62871781,Woodridge
145.0407495,-37.89695782,Ormond - Glen Huntly
151.4270076,-33.44557199,Terrigal - North Avoca
153.1093791,-27.66156853,Kingston
145.6921801,-16.81354378,Trinity Beach - Smithfield
152.3802166,-32.2596025,Forster-Tuncurry Region
151.6516621,-33.06377754,Belmont South - Blacksmiths
153.0810297,-27.55591018,Upper Mount Gravatt
130.9039862,-12.44938526,Charles Darwin
145.1712474,-37.84034331,Forest Hill
150.4818125,-34.4640345,Mittagong
138.497007,-35.14648796,Christie Downs
139.0163136,-34.61320309,Barossa - Angaston
144.5515464,-37.7283701,Melton South
151.6551388,-32.828143,Beresfield - Hexham
152.7995202,-29.578597,Grafton Region
147.1476579,-42.73352246,Bridgewater - Gagebrook
152.3899497,-24.86997979,Ashfield - Kepnock
138.9944622,-34.46846499,Nuriootpa
116.2147442,-32.18491467,Ashendon - Lesley
151.3647015,-33.4295505,Gosford - Springfield
144.3210578,-38.21754996,Grovedale
115.0268269,-33.91408654,Margaret River
144.7366891,-37.73955343,Caroline Springs
151.5770409,-27.73440499,Pittsworth
115.8548556,-33.41840567,Dardanup
152.5670696,-25.34434721,Burrum - Fraser
152.8249339,-27.5616295,Karalee - Barellan Point
115.7892367,-31.8963554,Innaloo - Doubleview
147.187053,-41.48618701,Youngtown - Relbia
115.7840952,-31.86468261,Karrinyup - Gwelup - Carine
153.0104719,-27.41009049,Stafford
144.9137475,-37.78727692,Flemington Racecourse
146.0531002,-41.12609586,Penguin - Sulphur Creek
150.6469251,-31.98126848,Scone Region
146.2975142,-38.19850165,Moe - Newborough
151.6629142,-32.90505024,Wallsend - Elermore Vale
150.3886002,-33.7294335,Wentworth Falls
153.0967754,-27.67322041,Marsden
151.3308663,-33.3962097,Narara
143.8863263,-37.64520589,Buninyong
151.152133,-33.96245823,Monterey - Brighton-le-Sands - Kyeemagh
115.7850027,-32.1069065,Spearwood
150.4612598,-23.40039008,Rockhampton - West
145.0812356,-37.90055817,Hughesdale
153.0671276,-27.38088275,Northgate - Virginia
151.1414733,-33.9526925,Rockdale - Banksia
145.7979008,-41.05870843,Somerset
149.2518237,-35.360547,Queanbeyan - East
151.2943527,-33.43698061,Kariong
151.2447954,-33.90951418,Randwick - North
145.085799,-37.64772921,South Morang (South)
147.500829,-42.98445587,South Arm
153.2359102,-27.668234,Cornubia - Carbrook
152.543813,-32.23335438,Forster
151.1821406,-33.77607056,Lindfield - Roseville
145.6487639,-42.67778486,Wilderness - West
115.8036495,-31.91906532,Herdsman
144.8112733,-37.75462203,St Albans - South
116.0432868,-32.38015075,Serpentine - Jarrahdale
145.016613,-37.93672691,Hampton
150.6039962,-33.9105135,Warragamba - Silverdale
144.4171151,-37.06155683,Castlemaine Region
153.3977771,-28.04308299,Clear Island Waters
130.9813238,-12.49210926,Gray
151.056296,-33.876933,Rookwood Cemetery
146.8194205,-37.44883662,Alps - West
138.5779654,-35.04506189,Flagstaff Hill
144.0297029,-38.44850954,Lorne - Anglesea
151.9903457,-32.75146813,Lemon Tree Passage - Tanilba Bay
149.1573785,-35.36252099,Canberra East
146.3898687,-41.18895099,East Devonport
137.5436854,-33.04147188,Whyalla
115.9140277,-32.06387826,Canning Vale Commercial
153.0164531,-26.392619,Tewantin
151.9252169,-28.6623215,Stanthorpe
134.1910822,-19.65777581,Tennant Creek
151.7140746,-33.0055299,Redhead
115.8620867,-32.05783892,Bull Creek
138.8797256,-34.78986463,Adelaide Hills
138.6073255,-34.75616291,Paralowie
147.9462293,-33.4532485,Forbes
149.0624324,-35.17028875,Hall
149.6338106,-33.4180055,Bathurst - East
145.1708167,-37.97140695,Noble Park - West
130.9119671,-12.47814055,East Arm
143.0861686,-38.51957672,Corangamite - South
145.1571443,-38.13368171,Frankston North
131.1321516,-12.54778425,Humpty Doo
151.2335637,-33.943591,Maroubra
150.721015,-34.0417065,Elderslie - Harrington Park
151.1113239,-33.94080927,Kingsgrove (South) - Bardwell Park
115.653803,-32.58827015,Falcon - Wannanup
151.5728134,-32.6784239,Maitland - North
137.1563944,-35.81784,Kangaroo Island
150.1055937,-35.95722954,Moruya - Tuross Head
151.1797761,-33.89665441,Newtown - Camperdown - Darlington
115.8246743,-32.117335,Yangebup
144.8138008,-38.37735652,Point Nepean
145.1249025,-38.05638753,Chelsea - Bonbeach
149.1592614,-21.189113,Ooralea - Bakers Creek
152.3264335,-24.8324025,Bundaberg North - Gooburrum
152.973963,-27.42581917,Enoggera
141.8005504,-34.865372,Mildura
142.123645,-34.199931,Mildura Region
153.0830813,-26.79115653,Caloundra - West
145.7467988,-16.87748653,Freshwater - Stratford
145.0552779,-37.89695782,Carnegie
152.2778539,-28.23348399,Southern Downs - East
138.5638773,-34.78136189,Dry Creek - North
151.4109748,-33.3049095,Tuggerah - Kangy Angy
152.9093956,-27.562236,Riverhills
144.7346891,-37.8364735,Truganina
140.5763817,-34.61298223,Loxton Region
151.2655341,-33.899548,Bondi - Tamarama - Bronte
115.9446409,-31.90602725,Bassendean - Eden Hill - Ashfield
150.8349605,-33.92762584,West Hoxton - Middleton Grange
153.0312384,-27.43428,Windsor
149.0361513,-35.35425905,Chapman
151.953529,-27.57251055,Toowoomba - Central
149.0578788,-35.36071249,Fisher
115.8720208,-32.01871951,Manning - Waterford
145.0991778,-37.94088309,Clarinda - Oakleigh South
153.0575891,-27.43630973,Hamilton (Qld)
151.2338858,-33.92925026,Kensington
153.113666,-27.657543,Kensington - Kingsford
142.631307,-38.18699729,Moyne - East
150.7349609,-33.744865,Cambridge Park
153.0476296,-30.9167845,South West Rocks
141.310323,-37.89090887,Glenelg (Vic.)
150.4516783,-35.3493098,Ulladulla
144.8979591,-37.7022897,Gowanbrae
145.9283528,-36.12500526,Moira
150.9655628,-33.7420358,Baulkham Hills (West) - Bella Vista
153.0686194,-27.456931,Balmoral
146.9440745,-42.9928675,Huonville - Franklin
138.5407877,-35.01517265,Warradale
118.3916316,-31.75934794,Merredin
130.8849356,-12.3809067,Wagaman
116.0469246,-31.778746,The Vines
144.9022553,-38.36960098,Rosebud - McCrae
145.0065114,-37.68333404,Thomastown
152.993291,-27.2415035,Dakabin - Kallangur
150.8961256,-33.72276241,Quakers Hill - Acacia Gardens
151.061279,-34.0343065,Sutherland - Kirrawee
147.0466808,-41.41994851,Riverside
116.0990261,-31.89363251,Glen Forrest - Darlington
150.7025675,-33.6904876,Castlereagh - Cranebrook
138.5649492,-34.98003864,Edwardstown
149.1954955,-21.163928,East Mackay
151.1223898,-27.83835346,Millmerran
145.8271253,-38.1210871,Drouin
153.2030407,-28.7933075,Lismore Region
146.7202186,-19.303821,Kirwan - West
151.5748674,-27.4033435,Jondaryan
117.1467106,-32.96279675,Narrogin
150.7559706,-26.32592527,Chinchilla
151.1362448,-33.96862912,Kogarah
152.8657669,-27.43006848,Enoggera Reservoir
152.9705386,-26.99550249,Elimbah
149.1648799,-35.38664291,Hume
153.0772513,-27.49750052,Camp Hill
153.0712611,-27.06058187,Beachmere - Sandstone Point
150.9577425,-31.146341,Tamworth - East
145.0178057,-37.8423562,Toorak
148.235929,-35.32275249,Tumut
152.9904666,-30.6411435,Nambucca Heads
145.1892895,-38.50668892,Phillip Island
146.754221,-19.21768543,Belgian Gardens - Pallarenda
153.3103471,-27.99672305,Nerang - Mount Nathan
150.9138273,-33.734934,Acacia Gardens
145.114158,-37.49217989,Whittlesea
149.9802109,-33.320572,Lithgow Region
146.3046913,-41.18830684,Miandetta - Don
152.9765322,-27.67408435,Greenbank Military Camp
152.7362627,-27.591224,Brassall
148.975954,-35.37673286,ACT - South West
149.068313,-35.522972,ACT - East
149.074312,-35.33942762,Lyons (ACT)
115.821469,-32.16988,Wattleup
145.0886107,-37.99681162,Mordialloc - Parkdale
151.6309207,-33.12332048,Swansea - Caves Beach
115.7637945,-32.00914871,Mosman Park - Peppermint Grove
144.466416,-37.24264697,Kyneton
145.5060938,-17.04573148,Mareeba
150.7905093,-33.73376266,Lethbridge Park - Tregear
150.8775869,-34.42802842,Wollongong - West
145.1140519,-37.76507168,Templestowe Lower
115.8263923,-32.08863025,Bibra Lake
151.1693325,-33.71939064,St Ives
149.1160945,-35.29719949,Lake Burley Griffin
130.9734561,-12.48746629,Driver
149.1228869,-35.42195672,Chisholm
150.5097935,-23.35808262,Park Avenue
151.9071031,-30.40551792,Armidale Region - North
145.0722915,-37.6828764,Bundoora - North
151.2169825,-33.9412068,Pagewood - Hillsdale - Daceyville
151.5743236,-33.05712001,Wangi Wangi - Rathmines
151.2493242,-33.94819651,Maroubra - South
115.808522,-32.08465934,Coolbellup
149.1232688,-35.33306235,Red Hill (ACT)
115.9628382,-31.87810709,Lockridge - Kiara
149.0306899,-35.21671517,Latham
150.738549,-33.9175815,Austral - Greendale
138.6724543,-34.93500451,Burnside - Wattle Park
145.3187305,-38.20919026,Pearcedale - Tooradin
152.9898304,-30.49464001,Urunga
115.7688371,-31.8074785,Padbury
115.8427288,-31.87010174,Nollamara - Westminster
121.8593266,-33.82125982,Esperance
130.9154529,-12.39946538,Karama
145.5058569,-37.63535801,Healesville - Yarra Glen
153.1389247,-27.62086202,Springwood
149.1568565,-35.198555,Harrison
151.2677149,-23.91396648,Telina - Toolooa
151.9841129,-26.65222055,Nanango
147.1138473,-22.40964723,Clermont
150.9904484,-33.89982913,Bass Hill - Georges Hall
115.7362908,-31.75946699,Ocean Reef
153.3966485,-28.1105445,Reedy Creek - Andrews
153.3742067,-28.05195249,Merrimac
150.8455342,-33.77908081,Rooty Hill - Minchinbury
119.7370634,-23.36397278,Newman
149.047887,-35.22703713,Florey
143.131727,-26.84094801,Far South West
151.1385515,-33.82986303,Hunters Hill - Woolwich
138.737242,-20.699196,Mount Isa Region
151.3648785,-33.40491551,Wyoming
153.1271974,-26.7970745,Caloundra - Kings Beach
150.8175397,-33.8503525,Horsley Park - Kemps Creek
153.4046407,-27.9843455,Southport - South
138.7209869,-34.85372605,Highbury - Dernancourt
144.8886879,-37.6819942,Gladstone Park - Westmeadows
116.0366064,-31.95880042,Kalamunda - Maida Vale - Gooseberry Hill
115.991517,-32.118431,Camillo - Champion Lakes
152.8480459,-27.59417651,Riverview
145.0525101,-37.79053583,Kew East
145.1358993,-38.04533712,Chelsea Heights
153.2783473,-28.3880659,Murwillumbah Region
153.0594673,-27.49822101,Coorparoo
150.6983989,-33.74677281,Penrith
115.7685642,-31.78468914,Craigie - Beldon
145.3274495,-37.98795614,Narre Warren North
114.628044,-28.7578455,Geraldton
144.7335478,-37.9075507,Point Cook - South
115.9158981,-31.71971248,Melaleuca - Lexia
145.0616733,-37.98359229,Mentone
149.0735853,-35.31023934,Scrivener
150.2089867,-34.0078245,Blue Mountains - South
140.6010735,-34.27606597,Berri
153.2625003,-27.5690325,Thornlands
153.0364346,-27.56715499,Coopers Plains
145.0892965,-37.95308933,Moorabbin - Heatherton
124.7786215,-17.71264954,Derby - West Kimberley
115.7933517,-31.9379895,Floreat
151.4380169,-33.27953342,Wyong
115.9312842,-31.94266698,Belmont - Ascot - Redcliffe
153.4351911,-28.06944076,Miami
145.0086922,-37.7592124,Thornbury
144.8231226,-37.73104356,Keilor Downs
145.0680286,-37.91486727,Bentleigh East
147.3987937,-35.07605517,Wagga Wagga - North
138.5960831,-34.79399853,Mawson Lakes - Globe Derby Park
150.8477607,-33.88963703,Cecil Hills
138.0107551,-33.19120328,Port Pirie
133.3996885,-12.126174,West Arnhem
149.3061924,-35.30519357,Kowen
144.9461903,-37.8007812,North Melbourne
138.5151192,-35.12417836,Morphett Vale - West
147.0534351,-38.1077505,Sale
138.6315644,-34.79562242,Parafield
145.5660139,-16.81133231,Kuranda
138.508279,-34.89293339,Seaton - Grange
145.3400589,-36.39676859,Mooroopna
142.1465136,-34.18206743,Mildura - North
151.7137094,-32.66981232,Seaham - Woodville
149.0417276,-35.298835,Molonglo
144.9637619,-37.74413552,Coburg
145.5538878,-38.485543,Wonthaggi - Inverloch
151.3894897,-33.51180344,Box Head - MacMasters Beach
144.7354387,-37.88459217,Point Cook - North
150.9479743,-33.8028426,Girraween - Westmead
138.725259,-34.82949308,St Agnes - Ridgehaven
150.8815238,-34.46315651,Port Kembla Industrial
144.981143,-37.86242415,St Kilda
115.9089001,-31.91458165,Bayswater - Embleton - Bedford
115.8999539,-31.96333152,Victoria Park - Lathlain - Burswood
136.5866805,-13.97893712,Anindilyakwa
149.0660211,-35.19934434,Spence
146.178796,-41.17436833,Ulverstone
151.456885,-33.409073,Wamberal - Forresters Beach
117.8216729,-35.05904521,Little Grove - Elleker
151.3313954,-30.56225378,Armidale Region - South
149.1075546,-35.34163996,Garran
151.1209261,-34.05405417,Caringbah - Lilli Pilli
152.917424,-27.631223,Camira - Gailes
153.1234153,-27.69319144,Waterford West
151.0454782,-33.77443668,Carlingford
150.5010945,-23.39354379,The Range - Allenstown
145.3802116,-37.86003516,Mount Dandenong - Olinda
152.6632162,-25.506086,Maryborough (Qld)
151.466417,-32.80322201,Kurri Kurri - Abermain
145.0623884,-37.77088657,Ivanhoe East - Eaglemont
151.0994697,-33.95902012,Hurstville
130.8434838,-12.46304752,Darwin City
138.5225528,-34.84035273,Port Adelaide
116.1706413,-33.27026032,Collie
148.2325799,-36.17287012,Tumbarumba
143.7301945,-37.05019599,Maryborough (Vic.)
146.431355,-36.61670436,Wangaratta Region
115.9081112,-32.84785289,Waroona
153.1189874,-26.9565385,Bribie Island
153.3977358,-27.91475512,Runaway Bay
153.147023,-30.20760715,Korora - Emerald Beach
150.5741602,-35.15681169,Sussex Inlet - Berrara
115.8180548,-31.86649302,Balcatta - Hamersley
150.8992293,-33.86939473,Greenfield Park - Prairiewood
145.1459188,-38.06804621,Carrum - Patterson Lakes
147.2817823,-42.84936773,West Moonah
130.8521655,-12.39319108,Coconut Grove
152.5104837,-31.39099172,Port Macquarie Region
115.3120526,-33.67098616,Busselton
153.0406576,-27.41627439,Wooloowin - Lutwyche
149.0495087,-35.2505385,Weetangera
145.9204425,-41.2842735,Burnie - Ulverstone Region
138.4802938,-35.19719501,Seaford (SA)
145.1544969,-37.71430517,Eltham
138.574824,-35.06578768,Happy Valley Reservoir
115.8389235,-31.840219,Girrawheen
142.7867817,-33.93325215,Wentworth-Balranald Region
153.5476502,-28.2447655,Kingscliff - Fingal Head
145.0251843,-37.89340333,Caulfield - South
152.7519273,-25.2906635,Craignish - Dundowran Beach
147.218688,-35.7577565,Albury Region
138.669243,-34.875771,Paradise - Newton
151.4286129,-33.352096,Chittaway Bay - Tumbi Umbi
153.0771284,-26.60790332,Marcoola - Mudjimba
138.6095577,-34.88717511,Nailsworth - Broadview
153.5434174,-28.54354796,Brunswick Heads - Ocean Shores
143.5746409,-38.654592,Otway
153.0930625,-27.60501891,Kuraby
150.6819321,-35.1597107,Jervis Bay
150.9162767,-33.7099505,Parklea - Kellyville Ridge
114.6724895,-28.81040876,Geraldton - East
151.7726572,-32.92986222,Newcastle - Cooks Hill
133.9129567,-23.68977903,East Side
150.909638,-33.78741979,Blacktown (South)
153.4434172,-28.852512,Ballina Region
144.4699587,-38.19660197,Leopold
138.7811562,-34.69797141,One Tree Hill
143.9787076,-39.8685955,King Island
145.9620649,-18.658114,Ingham Region
122.6775632,-18.214551,Roebuck
152.9005425,-25.99699185,Cooloola
150.8908191,-33.98922396,Macquarie Fields - Glenfield
141.8617233,-14.86556834,Kowanyama - Pormpuraaw
149.0120942,-35.20754221,Macgregor (ACT)
144.9207529,-37.68031091,Broadmeadows
149.1087194,-35.1475675,Taylor
145.1744372,-37.76773937,Doncaster East
115.6994859,-31.67015788,Mindarie - Quinns Rocks - Jindalee
146.7879233,-19.32313115,Annandale
115.8161702,-32.15374132,Beeliar
115.649984,-33.323836,Koombana
147.2639352,-42.970141,Kingston - Huntingfield
153.0630446,-27.66576596,Browns Plains
144.5709935,-38.17027539,Clifton Springs
146.6936902,-42.25793635,Central Highlands
146.7317656,-19.25100349,Mount Louisa
145.7248872,-17.00892901,Bentley Park
151.7061587,-32.92620216,Lambton - New Lambton
151.128312,-33.71463894,Wahroonga - Warrawee
147.147923,-41.45582096,South Launceston
138.5279396,-35.09884083,Reynella
115.8698109,-31.98138151,South Perth - Kensington
151.7612561,-32.7654175,Raymond Terrace
147.3027416,-42.88360608,West Hobart
144.9496253,-37.70939415,Hadfield
130.8905375,-12.39049264,Anula
145.1647002,-38.01507039,Keysborough
138.5391584,-35.07219211,Sheidow Park - Trott Park
153.0186335,-27.43487248,Wilston
138.5900212,-34.95623022,Goodwood - Millswood
147.2559915,-42.84427424,Glenorchy
145.2621639,-37.9834145,Endeavour Hills - South
149.1416084,-35.15819279,Bonner
150.7585638,-34.05570199,Mount Annan - Currans Hill
146.3260725,-41.650492,Deloraine
115.7156466,-33.25875579,Australind - Leschenault
151.1578737,-29.46110959,Inverell Region - East
115.7351117,-32.52070185,Mandurah
151.6737102,-26.60865378,Kingaroy Region - South
130.912536,-14.03523072,Daly
140.5180363,-37.60412499,Wattle Range
115.7831504,-32.56147101,Mandurah - East
150.6089159,-35.1000235,St Georges Basin - Erowal Bay
151.5984853,-32.96733911,Bolton Point - Teralba
115.9718579,-32.02661491,Beckenham - Kenwick - Langford
151.3596581,-32.829059,Cessnock
115.7800564,-31.96673194,Swanbourne - Mount Claremont
138.7471618,-34.92433574,Uraidla - Summertown
153.3067827,-29.1273535,Evans Head
144.8968422,-37.55289351,Mickleham - Yuroke
130.8440294,-12.43395822,Parap
149.1612468,-36.146077,Cooma Region
153.1067004,-27.44981967,Murarrie
153.0394693,-27.35915197,Zillmere
138.5594011,-34.61053566,Lewiston - Two Wells
153.3309633,-27.90869522,Helensvale
138.5980683,-34.85494147,Enfield - Blair Athol
153.4427021,-28.138764,Elanora
151.6476346,-33.00766749,Valentine - Eleebana
139.6993995,-35.70848769,The Coorong
116.067671,-31.8408272,Stratton - Jane Brook
147.687327,-43.04221474,Forestier - Tasman
153.1121037,-27.51188949,Carindale
146.8624742,-36.06395918,Albury - South
151.1019034,-33.70509076,Hornsby - East
147.6726866,-34.81537378,Junee
151.963222,-27.43082651,Highfields
138.6934704,-34.8428901,Hope Valley - Modbury
145.2840092,-37.93258765,Lysterfield
151.5995995,-32.754953,Maitland - East
153.3297249,-27.84887451,Coomera
142.7958792,-37.48998641,Ararat Region
152.9465235,-30.71341551,Macksville - Scotts Head
117.3840209,-34.09924378,Kojonup
105.6163867,-10.4920885,Christmas Island
145.0022171,-37.79146297,Yarra - North
145.0846232,-37.79073905,Balwyn North
150.7717413,-34.47562679,Horsley - Kembla Grange
153.0422215,-27.54766267,Salisbury - Nathan
143.070159,-20.6739775,Northern Highlands
145.152777,-37.81553043,Blackburn
153.1844919,-27.67940795,Loganholme - Tanah Merah
153.2491911,-27.8621265,Upper Coomera - Willow Vale
135.7532957,-34.46351685,Eyre Peninsula
145.7450772,-16.9613629,Woree
130.8718311,-12.3877588,Jingili
149.2103232,-21.12062285,Mackay Harbour
153.0728255,-27.51932454,Holland Park
147.1443109,-41.48140653,Summerhill - Prospect
115.8156026,-31.89187757,Stirling - Osborne Park
150.7201902,-34.9009895,Culburra Beach
151.051546,-33.9302013,Punchbowl
130.8593661,-12.38128998,Rapid Creek
146.8336283,-19.1420915,Magnetic Island
145.3210516,-37.81984837,Kilsyth
144.3363097,-36.5897812,Bendigo Region - North
148.5889521,-31.633159,Gilgandra
153.0558636,-27.295967,Brighton (Qld)
115.9951426,-32.08770147,Gosnells
150.3680046,-28.420319,Goondiwindi
144.6614926,-37.88566502,Werribee
140.4301063,-35.25485623,Karoonda - Lameroo
144.5741727,-37.41046062,Macedon
145.7505448,-16.91570789,Manunda
121.4595509,-30.79075933,Kalgoorlie Airport
151.1407455,-33.88506635,Haberfield - Summer Hill
121.4912987,-30.7904175,Boulder
151.2249448,-33.89048968,Paddington - Moore Park
151.0680787,-33.92572833,Wiley Park
151.0124654,-34.02002403,Menai - Lucas Heights - Woronora
138.8589825,-35.2298322,Strathalbyn
115.1666432,-34.09089731,Augusta
145.3494712,-38.02844555,Berwick - North
149.7859543,-22.70115249,Rockhampton Region - North
151.2185241,-33.73371273,Frenchs Forest - Belrose
152.9860286,-27.58988401,Durack
138.6427186,-34.85043991,Northgate - Oakden - Gilles Plains
153.1204446,-27.389485,Brisbane Airport
153.1004253,-27.55753907,Wishart
117.1359995,-34.90856048,Denmark
153.4128015,-28.08817391,Varsity Lakes
147.305365,-42.85627099,New Town
146.8190059,-36.56072507,Myrtleford
138.6468881,-34.89947161,Payneham - Felixstow
144.7308235,-36.348868,Rochester
151.0182963,-33.77483618,North Rocks
131.3198173,-27.05758957,APY Lands
115.8218545,-31.92882134,Wembley - West Leederville - Glendalough
138.7535023,-34.76602734,Golden Grove
153.0879479,-27.57837099,Eight Mile Plains
152.7676616,-27.5927065,North Ipswich - Tivoli
148.8436288,-21.20890602,Pioneer Valley
149.2244788,-35.3518045,Queanbeyan
145.7165793,-41.02294477,Wynyard
149.1168285,-35.16008139,Moncrieff
150.996758,-33.88088203,Chester Hill - Sefton
152.4849061,-32.1603715,Tuncurry
138.5462008,-34.96054394,Plympton
149.1167432,-35.40341126,Fadden
150.6983984,-23.35114352,Rockhampton Region - East
151.7012898,-24.38251221,Agnes Water - Miriam Vale
152.240089,-26.13588706,Kilkivan
145.2149931,-37.95503057,Dandenong North
151.117507,-33.92954494,Kingsgrove (North) - Earlwood
153.3209102,-27.9505855,Pacific Pines - Gaven
146.3429975,-41.17472719,Devonport
144.2039896,-36.7519242,Maiden Gully
115.7284914,-33.31076986,Eaton - Pelican Point
131.0305693,-12.55404099,Virginia
152.9354471,-27.54108971,Jindalee - Mount Ommaney
130.8511259,-12.41651929,Ludmilla - The Narrows
147.1426068,-41.433612,Launceston
151.0580068,-33.90126422,Greenacre - Mount Lewis
115.7550437,-31.83230135,Sorrento - Marmion
145.2574431,-37.90817255,Rowville - North
150.714185,-34.578332,Albion Park - Macquarie Pass
145.4595926,-17.20743893,Atherton
153.0901874,-26.40051125,Noosa Heads
148.1665437,-24.06232566,Central Highlands - West
152.0378052,-32.77796756,Anna Bay
152.9470453,-26.7021785,Palmwoods
137.8358309,-32.50269269,Port Augusta
152.5910152,-27.44817749,Lowood
149.0495429,-35.23839459,Page
149.1465275,-35.31440696,Kingston (ACT)
138.6093802,-35.0799725,Aberfoyle Park
149.0992066,-35.36335793,Mawson
115.7393171,-31.67545255,Neerabup National Park
151.1626068,-33.762796,Gordon - Killara
115.7646248,-32.29137392,Cooloongup
151.3323534,-33.313368,Ourimbah - Fountaindale
146.5047819,-41.21258944,Port Sorell
144.920341,-37.81095778,West Melbourne
148.5832129,-32.23279364,Dubbo - West
150.790862,-34.56161743,Albion Park Rail
146.7532517,-19.3063425,Cranbrook
145.1014201,-37.87269743,Ashwood - Chadstone
149.1577432,-35.23418078,Watson
153.2195505,-27.60532074,Sheldon - Mount Cotton
145.8349304,-37.28170851,Alexandra
152.9278285,-27.55608019,Middle Park - Jamboree Heights
138.6548783,-34.80305745,Para Hills
152.8477122,-27.65183158,Redbank Plains
142.7813403,-34.64785861,Robinvale
115.766605,-31.93300371,City Beach
145.2799475,-38.09922272,Cranbourne
150.8491343,-34.4813025,Berkeley - Warrawong - Windang
144.9503364,-37.78912219,Parkville
153.3370923,-28.01672616,Highland Park
131.1162107,-12.66638758,Weddell
149.6139551,-34.5010185,Goulburn Region
145.0427866,-37.77046101,Ivanhoe
152.7551727,-27.61673801,Ipswich - Central
145.0412394,-37.80169654,Kew
145.2917059,-38.0555278,Narre Warren
149.7894485,-30.35809451,Narrabri
149.0895909,-35.39870051,Wanniassa
151.1251441,-33.97777517,Kogarah Bay - Carlton - Allawah
138.5342776,-34.87087932,Woodville - Cheltenham
138.6674705,-34.69299291,Davoren Park
144.7720393,-37.5472194,Sunbury
139.4558346,-34.7497789,Mannum
152.804648,-27.52226,Karana Downs
115.7655959,-31.89691908,Scarborough
150.617051,-33.74607635,Blaxland - Warrimoo - Lapstone
153.5354677,-28.3772195,Pottsville
145.3005472,-38.02323794,Narre Warren - South West
151.2196746,-33.908946,Kensington (NSW)
153.1065072,-27.226627,Redcliffe
143.7829337,-37.62039237,Smythes Creek
116.0199628,-32.055647,Maddington - Orange Grove - Martin
150.0638375,-32.723851,Mudgee Region - East
153.1010283,-26.700093,Mountain Creek
144.0830467,-38.28342147,Winchelsea
153.3301104,-28.8293905,Goonellabah
150.9687687,-33.86102849,Yennora Industrial
144.8871933,-37.80826285,Seddon - Kingsville
135.4098207,-23.34947879,Sandover - Plenty
144.3564084,-37.94690999,Lara
150.6357643,-23.63596151,Bouldercombe
152.9733951,-27.410374,Mitchelton
146.7692176,-19.3005885,Aitkenvale
144.8643863,-37.75191166,Keilor East
152.3709109,-31.8626475,Wingham
152.2881336,-24.916076,Branyan - Kensington
145.1339819,-38.15277361,Frankston
115.86057,-31.95226966,Perth City
153.0388265,-27.49332383,Woolloongabba
113.684894,-24.87076463,Carnarvon
150.8141611,-33.76495863,Mount Druitt - Whalan
149.0956553,-35.16560015,Casey
152.964129,-27.10274351,Morayfield - East
153.0548682,-27.2150975,Rothwell - Kippa-Ring
153.5125966,-28.67974249,Bangalow
153.2836958,-27.64949941,Redland Bay
153.1807073,-27.7615665,Wolffdene - Bahrs Scrub
138.5830493,-35.08498067,Happy Valley
150.8144244,-34.43887349,Unanderra - Mount Kembla
153.1001102,-27.43058652,Eagle Farm - Pinkenba
144.8378897,-37.83310784,Altona North
150.5345357,-35.01027649,Tomerong - Wandandian - Woollamia
144.9852887,-37.88028567,Elwood
149.6470072,-32.42302848,Mudgee Region - West
147.0761051,-31.4381215,Nyngan - Warren
144.5904382,-37.62740875,Melton
149.2055672,-35.27317743,Majura
153.0490402,-27.50640003,Greenslopes
150.9789409,-33.77664,Winston Hills
115.7521242,-32.31556263,Waikiki
138.538474,-34.90532933,Flinders Park
115.7824881,-31.91594968,Wembley Downs - Churchlands - Woodlands
145.0444082,-37.63512298,Epping - East
115.679631,-31.59997615,Alkimos - Eglinton
151.5530876,-32.93272147,West Wallsend - Barnsley - Killingworth
138.707265,-34.87271711,Athelstone
153.537075,-28.19852551,Tweed Heads - South
153.0561432,-27.41708332,Clayfield
131.1626074,-12.34957467,Koolpinyah
153.0801634,-27.596817,Runcorn
130.8922914,-12.34848982,Lyons (NT)
138.7628333,-34.6104005,Gawler - South
152.912465,-27.54864458,Westlake
145.1276527,-37.97368585,Dingley Village
153.0399004,-27.34160696,Taigum - Fitzgibbon
138.6382642,-32.62734015,Peterborough - Mount Remarkable
151.4511707,-33.24553104,Warnervale - Wadalba
149.7698405,-33.8624185,Oberon
138.6637012,-34.73855092,Elizabeth
153.0424137,-27.64362777,Parkinson - Drewvale
150.939201,-33.82275722,Greystanes - Pemulwuy
115.8408794,-32.2572998,Bertram - Wellard (West)
115.9791194,-31.78643677,Ellenbrook
147.9685942,-41.35961966,St Helens - Scamander
149.0955423,-35.33366849,Hughes
115.7849314,-32.03793658,Bicton - Palmyra
152.8849556,-27.649622,Bellbird Park - Brookwater
145.1306958,-37.8666408,Mount Waverley - North
151.250392,-33.938973,Maroubra - North
149.0793043,-35.40957307,Oxley (ACT)
138.5362787,-34.89037623,Beverley
151.0539213,-33.94864062,Riverwood
115.9160469,-33.15399421,Harvey
115.8347155,-31.72386028,Tapping - Ashby - Sinagra
151.0625141,-34.01128602,Oyster Bay - Como - Jannali
151.7511513,-32.91255301,Wickham - Carrington - Tighes Hill
150.9380792,-33.91494128,Warwick Farm
138.556562,-35.14937075,Hackham - Onkaparinga Hills
151.7395868,-32.92273334,Hamilton - Broadmeadow
151.4269415,-33.4743105,Avoca Beach - Copacabana
149.8636511,-36.904039,Merimbula - Tura Beach
151.0011429,-33.8617075,Guildford - South Granville
145.1230431,-37.596595,Doreen
151.0356642,-33.84578772,Auburn - North
149.1064057,-35.44263125,Calwell
150.3107126,-33.70195201,Katoomba - Leura
150.1555982,-35.7046515,Batemans Bay
152.3634836,-24.89918975,Walkervale - Avenell Heights
145.6025487,-17.38451024,Malanda - Yungaburra
150.8883112,-33.6059775,Pitt Town - McGraths Hill
144.8181875,-37.801989,Sunshine West
152.9195523,-27.765801,Greenbank
153.155903,-27.48434643,Wakerley
151.2995681,-33.48405797,Woy Woy - Blackwall
149.0407452,-35.3175235,Coombs
116.0952148,-32.11529851,Roleystone
153.3727969,-27.91139261,Coombabah
152.9180822,-28.11452301,Beaudesert
145.0883924,-37.62549393,South Morang
147.2508756,-42.82727255,Montrose - Rosetta
131.0005975,-29.76052899,Western
151.9804327,-27.54970817,Toowoomba - East
146.5831127,-38.1986255,Traralgon
153.0520196,-30.2191675,Coramba - Nana Glen - Bucca
149.2349912,-35.3751515,Karabar
145.0841101,-37.59222442,Mernda
153.0065415,-27.564364,Rocklea - Acacia Ridge
144.8459703,-37.61354249,Greenvale - Bulla
115.8048047,-32.05193499,Willagee
150.9659058,-33.5423675,Dural - Kenthurst - Wisemans Ferry
145.1071237,-38.02657661,Edithvale - Aspendale
147.2334017,-43.19299911,Bruny Island - Kettering
151.2509075,-33.89849166,Bondi Junction - Waverly
153.318173,-27.81037492,Pimpama
145.6406837,-38.08928626,Bunyip - Garfield
145.0695567,-37.69706208,Bundoora - East
147.6669994,-20.6975395,Collinsville
152.9507547,-27.15719547,Burpengary
138.6343529,-34.92453044,Norwood (SA)
149.1398653,-35.25438749,Dickson
145.8981355,-41.0912255,Romaine - Havenview
115.9099201,-32.01173347,Bentley - Wilson - St James
152.6783399,-31.61457001,Laurieton - Bonny Hills
144.9783043,-37.76904054,Brunswick East
149.1001176,-35.47302174,Banks
138.5439661,-35.27979097,Willunga
145.974022,-20.20871135,Dalrymple
115.6879974,-33.37924669,Davenport
150.3941947,-31.47061677,Quirindi
143.8964541,-37.53391806,Ballarat - North
150.6047684,-34.90686319,Nowra
142.5547748,-31.1813345,Far West
115.728097,-31.6947695,Clarkson
149.1098693,-35.41223675,Gowrie (ACT)
130.9728703,-11.55416249,Tiwi Islands
153.0173676,-27.44810782,Kelvin Grove - Herston
150.4776718,-34.35247814,Hill Top - Colo Vale
115.5590822,-30.77419653,Gingin - Dandaragan
145.9991078,-36.03212899,Yarrawonga
150.7735662,-34.6955235,Kiama Hinterland - Gerringong
149.0833765,-35.36229811,Pearce
153.3605953,-27.86371396,Hope Island
130.8453732,-12.44616716,Stuart Park
150.4825774,-23.24474798,Glenlee - Rockyview
138.5334754,-34.94693927,Adelaide Airport
151.1705537,-32.9580315,Cessnock Region
145.4221516,-41.3068575,Waratah
144.908785,-37.7497815,Essendon - Aberfeldie
147.2946158,-42.77123608,Old Beach - Otago
153.1017948,-27.64586382,Logan Central
151.2588175,-33.6420385,Bayview - Elanora Heights
149.0664791,-35.26034562,Cook
152.3820916,-24.8426955,Bundaberg East - Kalkie
144.5570344,-35.35049705,Deniliquin Region
147.676641,-41.04814677,Scottsdale - Bridport
152.9399282,-27.5165968,Kenmore
130.8731067,-12.37019411,Brinkin - Nakara
150.9210906,-33.8525345,Smithfield - Wetherill Park
153.2841695,-27.92645403,Oxenford - Maudsland
145.1578172,-37.79127755,Doncaster East (South)
153.0573965,-27.56533999,Robertson
151.1970051,-33.83386668,Crows Nest - Waverton
144.917228,-37.72670592,Strathmore
153.0625391,-27.40143378,Nundah
138.5636397,-34.86522371,The Parks
144.8004827,-37.73581056,St Albans - North
149.7277205,-34.7407413,Goulburn
145.0606613,-38.2287185,Mornington
153.5361855,-28.22556402,Banora Point
137.7011885,-33.897213,Wallaroo
149.0370383,-35.34717359,Rivett
151.2062748,-33.83952462,North Sydney - Lavender Bay
133.8413898,-23.71320423,Flynn (NT)
115.9259357,-32.03885241,Parkwood - Ferndale - Lynwood
138.5357253,-35.11800985,Morphett Vale - East
144.4978737,-36.14715275,Lockington - Gunbower
144.6822184,-37.5788845,Sunbury - South
151.0541344,-25.06524008,Monto - Eidsvold
151.0260539,-33.88371225,Regents Park
153.0706226,-26.49383502,Peregian
148.0212126,-33.8880865,Grenfell
153.0382148,-27.4469915,Newstead - Bowen Hills
145.1996173,-37.83880751,Vermont
144.3084409,-36.7558997,East Bendigo - Kennington
149.5884259,-32.608516,Mudgee
130.8560066,-12.43368061,Woolner - Bayview - Winnellie
145.0009239,-37.77210954,Northcote
145.4486496,-37.85609686,Monbulk - Silvan
149.0665876,-35.2971855,Arboretum
144.7102787,-37.8662365,Hoppers Crossing - North
150.226379,-30.97925349,Gunnedah
148.7146262,-20.84816776,Seaforth - Calen
146.8884369,-41.31215614,Grindelwald - Lanena
137.7595077,-33.98809973,Kadina
149.0272145,-35.23363627,Higgins
149.1090304,-35.25499521,O'Connor (ACT)
130.980242,-12.5025547,Woodroffe
151.1092004,-33.71071582,Waitara - Wahroonga (West)
144.6718204,-36.86784849,Heathcote
144.7497739,-37.74928947,Burnside
152.9932772,-27.3519965,Bridgeman Downs
138.5121133,-34.8711369,Royal Park - Hendon - Albert Park
150.9312269,-33.88395649,Canley Vale - Canley Heights
143.7817676,-37.5833656,Delacombe
115.6189496,-33.44894831,Gelorup - Dalyellup - Stratham
150.5947746,-34.27800501,Bargo
152.343185,-27.68837568,Lockyer Valley - East
151.9175319,-27.59105002,Drayton - Harristown
151.0852077,-33.79184471,Eastwood - Denistone
142.1227105,-34.22303152,Mildura - South
138.5197903,-34.98168051,Glenelg (SA)
152.9822376,-27.5305885,Sherwood
153.059509,-27.46430528,Hawthorne
147.4422234,-42.90181085,Rokeby
140.7482237,-36.9435865,Naracoorte
150.9586621,-31.09482727,Tamworth - North
152.1635803,-24.75497196,Bundaberg Region - North
145.2682606,-38.04136724,Hampton Park - Lynbrook
150.9777663,-34.104055,Heathcote - Waterfall
145.1234055,-38.02267279,Aspendale Gardens - Waterways
149.0586515,-35.33106444,Weston
132.1696017,-14.65115499,Katherine
144.9602298,-37.83318935,South Melbourne
147.3436531,-42.91146845,Sandy Bay
153.2011009,-27.4827065,Thorneside
138.7344262,-35.04406101,Aldgate - Stirling
152.5682273,-27.69930019,Rosewood
150.8841447,-30.92984689,Tamworth Region
145.1727918,-36.4300865,Shepparton Region - West
144.7833463,-37.8799545,Altona Meadows
145.243169,-37.937827,Rowville - South
151.2454117,-33.87662055,Double Bay - Bellevue Hill
144.9197887,-37.65096531,Meadow Heights
140.7918275,-37.4102094,Penola
150.5931389,-33.68918888,Springwood - Winmalee
149.0645415,-35.41492422,Greenway
142.5767338,-38.40070321,Warrnambool - South
151.1240791,-33.65616299,Asquith - Mount Colah
152.8662121,-27.48216027,Brookfield - Kenmore Hills
114.6371189,-28.845644,Geraldton - South
152.7412356,-31.47208148,Wauchope
151.6728653,-32.98761362,Mount Hutton - Windale
144.9716018,-35.53830308,Deniliquin
149.0417588,-35.20645662,Flynn (ACT)
115.8089179,-32.03160201,Melville
145.2210905,-37.87119,Wantirna South
147.2229119,-42.78553956,Claremont (Tas.)
145.1065374,-37.82415532,Surrey Hills (East) - Mont Albert
151.2640488,-33.75193794,Beacon Hill - Narraweena
115.6782709,-33.33443009,Bunbury
150.9148817,-33.6621725,Rouse Hill - Beaumont Hills
130.8992141,-12.37527683,Leanyer
115.7742847,-32.21612619,Kwinana Industrial
149.1456478,-35.2652615,Ainslie
153.4458861,-28.21936149,Tweed Heads
151.2040364,-33.92995275,Mascot - Eastlakes
153.0370665,-27.27291922,Murrumba Downs - Griffin
153.0603066,-27.4790205,Norman Park
144.7762143,-37.71685774,Delahey
150.8389905,-34.60175362,Shellharbour - Flinders
146.8932012,-43.32586194,Geeveston - Dover
115.8358336,-31.90218959,Tuart Hill - Joondanna
151.200416,-33.9515586,Botany
153.006786,-27.17988294,Deception Bay
153.1237876,-26.74784851,Wurtulla - Birtinya
149.0626718,-35.3868528,Kambah
145.1547268,-37.88879091,Glen Waverley - West
153.5598906,-28.83583321,Ballina
142.1889555,-10.68353902,Torres
141.4780752,-31.95907787,Broken Hill
144.8224818,-37.02806253,Seymour Region
151.5531831,-33.271198,Toukley - Norah Head
145.2331795,-37.8968085,Knoxfield - Scoresby
115.7244897,-32.30218755,Safety Bay - Shoalwater
144.8776698,-37.69514751,Tullamarine
143.1639677,-38.21846465,Camperdown
153.3510869,-27.74900088,Jacobs Well - Alberton
151.1175781,-33.77871558,Macquarie Park - Marsfield
153.013218,-27.3084925,Bald Hills
145.4003685,-38.04197579,Beaconsfield - Officer
153.0576213,-26.4254795,Noosaville
152.8630026,-31.44151201,Port Macquarie - West
151.2671573,-23.8585487,Gladstone
145.2250982,-37.85324656,Wantirna
138.5666975,-34.93014312,Richmond (SA)
150.548277,-23.30456212,Norman Gardens
148.7734453,-37.338387,Orbost
115.7434859,-31.81129725,Hillarys
149.153301,-35.28579798,Campbell
144.9198981,-37.76514051,Moonee Ponds
115.8770215,-31.92451623,Mount Lawley - Inglewood
145.0653456,-37.92934453,Bentleigh East (South)
144.4600402,-37.63714794,Bacchus Marsh
145.0944145,-37.7348633,Viewbank - Yallambie
130.8260393,-12.45474634,Larrakeyah
115.7747518,-31.74637342,Joondalup - Edgewater
144.8087297,-37.77506862,Ardeer - Albion
151.5756364,-33.17621254,Lake Munmorah - Mannering Park
149.1512506,-35.29957736,Russell
145.3886073,-38.35052599,French Island
144.3234703,-36.68487457,White Hills - Ascot
144.2677154,-38.32131561,Torquay
152.9139493,-27.29687569,Cashmere
118.5942995,-33.91056899,Gnowangerup
149.1643042,-21.15089908,West Mackay
149.132509,-35.18747372,Gungahlin
152.7831697,-27.60893101,Ipswich - East
152.8448121,-27.35801598,Samford Valley
150.9060525,-34.338652,Woonona - Bulli - Russell Vale
116.073678,-31.7164084,Walyunga National Park
151.3115025,-33.4548411,Point Clare - Koolewong
145.0885256,-37.76684898,Bulleen
148.3808612,-21.05714784,Eungella Hinterland
153.0460251,-27.37100832,Geebung
152.9319966,-27.10358415,Caboolture - South
145.7689681,-33.8874822,Griffith Region
147.2317549,-41.45237482,Waverley - St Leonards
146.8766218,-37.85946896,Maffra
152.9015851,-27.68276501,Springfield Lakes
115.9335525,-31.96681851,Rivervale - Kewdale - Cloverdale
138.5709792,-35.1984555,McLaren Vale
153.060863,-27.58080402,Sunnybank
147.1345514,-41.37984513,Newnham - Mayfield
150.6667065,-35.0708925,Huskisson - Vincentia
144.9494959,-37.66687236,Campbellfield - Coolaroo
153.0074305,-27.43487248,Newmarket
146.7591933,-42.7754425,Derwent Valley
152.9279572,-27.62148424,Carole Park
142.2092348,-34.33707578,Red Cliffs
150.9509021,-33.98996463,Holsworthy - Wattle Grove
145.714181,-16.89987101,Brinsmead
144.9801542,-37.63834555,Epping - South
150.9163091,-33.921656,Liverpool - Warwick Farm
130.835874,-12.43689115,Fannie Bay - The Gardens
150.3677721,-35.34377101,Ulladulla Region
152.7553189,-26.952301,Woodford - D'Aguilar
144.9962117,-37.25133333,Kilmore - Broadford
145.1311673,-37.91562713,Clayton
153.1252382,-27.47389808,Tingalpa
150.9393847,-33.75953576,Lalor Park - Kings Langley
151.0195396,-33.870384,Auburn - South
148.7895937,-34.35287978,Young Region
117.5116553,-34.62532046,Plantagenet
115.8374303,-32.10450076,South Lake - Cockburn Central
146.9875558,-36.83494394,Bright - Mount Beauty
116.8335486,-20.75091651,Karratha
140.7467278,-34.16201872,Renmark
115.8907198,-32.03342928,Riverton - Shelley - Rossmoyne
150.8041164,-33.639615,Windsor - Bligh Park
138.4933714,-34.83501804,Largs Bay - Semaphore
151.1398205,-33.90236722,Dulwich Hill - Lewisham
116.0822816,-32.01119,Lesmurdie - Bickley - Carmel
144.335858,-38.154235,Newtown (Vic.)
145.0202928,-37.85592575,Armadale
145.4212817,-36.43157901,Shepparton - South
151.114864,-33.879995,Burwood - Croydon
145.1480469,-37.85112558,Burwood East
149.0758594,-35.32551025,Curtin
149.1026969,-35.37681572,Farrer
149.126596,-35.26523473,Turner
144.5558849,-37.49098327,Gisborne
142.3864231,-36.06564299,Yarriambiack
138.5237832,-35.02008954,Brighton (SA)
115.8073403,-31.98440874,Nedlands - Dalkeith - Crawley
144.9856734,-38.34092552,Dromana
145.1687837,-37.92234509,Mulgrave
130.9928161,-12.4963074,Bakewell
146.7404994,-19.3027315,Kirwan - East
151.0079519,-34.05785017,Engadine - Loftus
149.1286534,-35.28081874,Civic
152.3541753,-31.804839,Taree Region
152.8314021,-27.20755198,Dayboro
151.150908,-33.8556068,Drummoyne - Rodd Point
151.1316295,-33.752241,Pymble
145.1242105,-37.99975288,Braeside
152.9954733,-27.47487199,Auchenflower
143.1227376,-36.67689826,St Arnaud
145.864093,-41.05831494,Parklands - Camdale
148.6452253,-33.79218104,Cowra
149.5519929,-33.41588079,Bathurst
153.0498302,-26.6732695,Buderim - North
133.6841496,-32.07615885,Ceduna
151.4632082,-25.675211,Gayndah - Mundubbera
147.9254051,-42.27408627,Triabunna - Bicheno
145.6046093,-41.929405,West Coast (Tas.)
144.653859,-37.83267818,Tarneit
151.1913508,-33.57923346,Berowra - Brooklyn - Cowan
153.1940615,-27.71209449,Beenleigh
151.2800361,-33.86986099,Dover Heights
150.8443932,-34.02883673,Minto - St Andrews
137.5641137,-32.9783527,Whyalla - North
147.3956852,-42.8553955,Mornington - Warrane
151.0729992,-33.85980501,Homebush
147.4101385,-19.57982532,Ayr
115.8013358,-31.81053229,Kingsley
115.7729632,-32.12737313,Coogee
149.1294991,-33.24920101,Orange - North
146.8251117,-19.2666765,South Townsville - Railway Estate
147.0051557,-36.06254387,Albury - East
138.6175772,-34.95276351,Unley - Parkside
153.0460684,-27.48436332,East Brisbane
151.1243228,-34.0346263,Caringbah
136.3291369,-33.2976761,Kimba - Cleve - Franklin Harbour
149.1352739,-35.26942904,Braddon
144.9702866,-37.70631908,Fawkner
145.7242669,-16.8349635,Yorkeys Knob - Machans Beach
146.559918,-38.07133547,Yallourn North - Glengarry
153.0130285,-27.66520446,Hillcrest
115.8104836,-32.10586627,Bibra Industrial
147.2101336,-42.89722198,Mount Wellington
146.865506,-19.48333932,Townsville - South
115.7132817,-31.65472251,Butler - Merriwa - Ridgewood
153.1351767,-27.44546112,Wynnum West - Hemmant
147.0954056,-41.47352057,Prospect Vale - Blackstone
138.8738061,-34.636901,Lyndoch
138.5069605,-34.92064117,Henley Beach
150.3450455,-34.52321301,Moss Vale - Berrima
116.0188585,-32.11529851,Kelmscott
151.1183637,-33.9529498,Bexley
152.9246989,-29.6795555,Grafton
152.8229839,-31.08552721,Kempsey
144.792219,-37.68902851,Taylors Lakes
145.480444,-38.045272,Pakenham - North
118.6410058,-20.34024423,Port Hedland
152.9311808,-26.3180934,Noosa Hinterland
143.7444884,-37.53883993,Alfredton
143.0614729,-35.1515536,Swan Hill Region
149.1277697,-35.17018552,Amaroo
146.3513608,-38.95755055,Wilsons Promontory
145.7678309,-29.995277,Bourke - Brewarrina
145.6689852,-16.77840776,Clifton Beach - Kewarra Beach
150.8699285,-33.90288911,Green Valley - Cecil Hills
150.5796758,-34.613856,Robertson - Fitzroy Falls
144.7870553,-37.7589199,Cairnlea
150.8727989,-33.7664005,Doonside - Woodcroft
152.8162175,-27.69542012,Ripley
148.8837369,-34.8881675,Yass Region
150.1041499,-24.80410001,Banana
151.7164258,-32.9044945,Waratah - North Lambton
151.1613918,-33.80120107,Chatswood (West) - Lane Cove North
152.8741453,-27.575664,Bellbowrie - Moggill
146.6708693,-19.2279625,Deeragun
150.8582165,-34.05216899,Leumeah - Minto Heights
151.0250714,-33.72218816,Castle Hill - East
153.416785,-28.02717703,Broadbeach Waters
148.91485,-22.24367225,Broadsound - Nebo
150.9698118,-33.79149507,Toongabbie - Constitution Hill
149.1194049,-35.19314033,Palmerston
149.1487772,-35.33521253,Narrabundah
144.9966671,-37.90780814,Brighton (Vic.)
151.288932,-33.52955,Umina - Booker Bay - Patonga
152.8677807,-27.12763088,Upper Caboolture
145.1878647,-37.85538325,Vermont South
152.9371264,-27.34102,Eatons Hill
146.8124923,-19.30494582,Oonoonba
145.1048657,-37.90432941,Oakleigh - Huntingdale
146.5225923,-19.17710275,Northern Beaches
138.61251,-34.78501823,Parafield Gardens
149.3710624,-35.4229775,Queanbeyan Region
138.5369146,-34.92627512,Lockleys
145.6384938,-35.930275,Cobram
147.4658664,-42.85211328,Cambridge
146.7714334,-41.19364097,Beauty Point - Beaconsfield
146.6499694,-34.67394301,Narrandera
152.8472499,-25.30184049,Torquay - Scarness - Kawungan
144.7628727,-37.69953344,Sydenham
145.3113788,-38.057183,Narre Warren South
150.8525855,-34.42214749,Figtree - Keiraville
153.1105354,-26.6796615,Mooloolaba - Alexandra Headland
150.8238786,-33.28033833,Bilpin - Colo - St Albans
138.5875772,-34.98353127,Colonel Light Gardens
148.7774948,-20.41104151,Cape Conway
149.1859665,-21.1430115,Mackay
150.9970508,-33.95612743,Panania - Milperra - Picnic Point
151.0880993,-33.9794835,Oatley - Hurstville Grove
149.1623346,-35.24891182,Hackett
150.8472441,-33.99058427,Ingleburn - Denham Court
152.941952,-26.6318815,Nambour
152.3082987,-25.16228878,Bundaberg Region - South
115.8722026,-31.88663437,Dianella
152.8349516,-27.61726099,New Chum
144.926254,-37.79304504,Kensington (Vic.)
153.4218599,-28.0522905,Mermaid Waters
139.4977616,-20.71746448,Mount Isa
153.0122048,-27.38575115,Chermside West
151.1202889,-34.06607501,Lilli Pilli - Port Hacking - Dolans Bay
150.5814976,-34.831909,North Nowra - Bomaderry
138.6040986,-34.82392307,Pooraka
130.847434,-12.3819626,Nightcliff
147.3719214,-42.84250293,Lindisfarne - Rose Bay
151.0928398,-33.53715351,Galston - Laughtondale
140.6037979,-34.45371889,Loxton
149.0870509,-35.37118006,Torrens
151.4396285,-24.65716231,North Burnett
133.8759748,-23.6836873,Charles
151.8841539,-27.445678,Gowrie (Qld)
115.8562713,-31.90835773,Yokine - Coolbinia - Menora
146.6060556,-18.726663,Palm Island
151.2162417,-33.767273,Forestville - Killarney Heights
151.5248884,-33.20477847,Blue Haven - San Remo
150.7411948,-34.17838772,Douglas Park - Appin
152.4921959,-31.910672,Taree
145.56758,-36.72290223,Euroa
152.9878026,-27.39819758,Everton Park
145.0560074,-37.670319,Mill Park - South
153.390519,-27.92934383,Biggera Waters
144.2993076,-38.12281097,Geelong West - Hamlyn Heights
151.3801912,-33.38762725,Niagara Park - Lisarow
147.4190757,-42.90337947,Howrah - Tranmere
138.5671759,-35.55465848,Victor Harbor
148.8734296,-32.6591765,Wellington
115.897984,-31.93497721,Maylands
115.7554052,-32.33804194,Warnbro
145.0520266,-37.69299545,Bundoora - West
153.0830073,-27.68353288,Crestmead
149.7753951,-33.47470709,Bathurst Region
141.8762716,-12.63481002,Weipa
147.0391171,-41.37349847,Legana
149.049291,-35.2896845,Molonglo - North
149.030419,-35.33506812,Duffy
148.2341276,-20.01853148,Bowen
145.0653702,-37.66124482,Mill Park - North
142.0434467,-34.18353377,Merbein
117.0241909,-30.85930286,Dowerin
149.0401283,-35.23430961,Scullin
138.5948213,-34.90891236,North Adelaide
145.0706448,-37.83456499,Camberwell
150.7181556,-33.89288107,Badgerys Creek - Greendale
115.9912913,-32.13624929,Seville Grove
145.1994903,-37.81490955,Mitcham (Vic.)
115.9575664,-32.06171836,Thornlie
147.3147021,-42.91251414,Mount Nelson - Dynnyrne
148.9106697,-33.14487056,Orange Region
115.7613908,-32.42660256,Singleton - Golden Bay - Secret Harbour
150.8559131,-33.68833537,Riverstone - Marsden Park
150.679701,-33.83685454,Mulgoa - Luddenham - Orchard Hills
145.2896963,-37.85349426,Boronia - The Basin
151.6785724,-32.76703555,Thornton - Millers Forest
150.0305873,-35.8503305,Eurobodalla Hinterland
152.7555027,-26.72663694,Caloundra Hinterland
151.6602424,-32.947597,Glendale - Cardiff - Hillsborough
116.0381802,-31.67296688,Bullsbrook
145.0024087,-37.82051108,Richmond (Vic.)
143.3351394,-37.97807508,Corangamite - North
144.9613559,-37.84457261,Albert Park
151.9662711,-27.60866139,Middle Ridge
149.164436,-35.19205389,Throsby
115.8291889,-32.05381266,Winthrop
153.3636714,-27.9544695,Parkwood
149.1105922,-36.251062,Cooma
153.0917723,-27.47216411,Cannon Hill
151.1084286,-33.88160782,Croydon
138.6353818,-34.77167117,Salisbury
153.1613228,-27.62833477,Daisy Hill
150.8376833,-33.74248699,Hassall Grove - Plumpton
151.7661167,-28.72688928,Stanthorpe Region
138.4779488,-35.13961449,Christies Beach
146.2840987,-37.22530105,Mansfield (Vic.)
153.2169779,-27.70174249,Eagleby
144.8355446,-37.78926752,Sunshine
153.1396406,-27.67207495,Loganlea
151.2476227,-33.8289665,Mosman
149.1845996,-21.50794202,Sarina
115.8372318,-31.827126,Marangaroo
137.5165358,-30.17917151,Outback
146.1299304,-41.14704809,West Ulverstone
144.943246,-37.81799218,Docklands
149.1963662,-35.30340489,Canberra Airport
149.1658178,-35.21486268,Kenny
145.313586,-37.7435905,Chirnside Park
143.0061601,-35.85448305,Buloke
151.8663135,-27.1062025,Crows Nest - Rosalie
152.977354,-27.51731855,Chelmer - Graceville
138.6855693,-34.80872639,Modbury Heights
145.350817,-38.0591033,Berwick - South
153.1850119,-27.46067288,Manly - Lota
138.4969625,-34.79326502,North Haven
151.1038775,-33.89212217,Croydon Park - Enfield
138.5987947,-33.8170215,Clare
151.1866841,-33.79864742,Chatswood (East) - Artarmon
146.8466691,-41.55241673,Westbury
141.5665477,-36.06564299,Nhill Region
152.8675492,-27.03079351,Wamuran
152.8134179,-27.614286,Bundamba
150.5279855,-23.37298156,Berserker
151.749095,-31.19752239,Walcha
144.7537367,-37.34658699,Romsey
145.1272713,-37.8847386,Mount Waverley - South
153.3894871,-28.18234516,Currumbin Valley - Tallebudgera
144.9312695,-37.839114,Port Melbourne
152.114132,-32.63518099,Tea Gardens - Hawks Nest
149.078013,-35.35441615,Chifley
152.9969783,-26.51681051,Eumundi - Yandina
138.6171763,-34.98235791,Mitcham (SA)
145.6712156,-37.742143,Yarra Valley
145.1214919,-37.727681,Montmorency - Briar Hill
115.52034,-32.00747367,Fremantle
151.3289358,-33.610176,Avalon - Palm Beach
153.0963234,-27.486295,Carina
144.9200073,-37.605742,Craigieburn - Mickleham
130.8770873,-12.35974883,Tiwi
146.0878289,-38.46146045,Leongatha
152.7732382,-27.6445105,Raceview
152.9989759,-27.45298849,Red Hill (Qld)
120.0373119,-26.46592851,Meekatharra
149.1154328,-35.36929533,Isaacs
145.8746827,-17.01747589,Yarrabah
152.9533905,-27.54382404,Seventeen Mile Rocks - Sinnamon Park
145.2740221,-37.78819257,Croydon - West
147.1621473,-41.44144649,Newstead
152.9933651,-27.3834185,McDowall
146.423356,-38.21042775,Morwell
147.5666083,-42.7363803,Sorell - Richmond
150.3971321,-22.62217699,Shoalwater Bay
145.7935883,-17.3624575,Wooroonooran
151.3335818,-32.70702,Branxton - Greta - Pokolbin
145.6711276,-17.04517686,Lamb Range
144.9043469,-37.58024297,Craigieburn - West
115.6292795,-33.53050364,Capel
151.2743541,-33.8591575,Rose Bay - Vaucluse - Watsons Bay
115.6178676,-31.49726953,Two Rocks
145.0444655,-37.8559351,Malvern - Glen Iris
145.2471178,-37.60398773,Panton Hill - St Andrews
146.1188356,-38.2048847,Trafalgar (Vic.)
149.0873404,-35.22564811,Lawson
118.7974248,-30.91074556,Mukinbudin
150.0770655,-26.458659,Miles - Wandoan
153.0319319,-27.61355924,Algester
151.217968,-33.83984373,Neutral Bay - Kirribilli
133.9041356,-23.71865785,Mount Johns
115.838824,-31.92711719,Mount Hawthorn - Leederville
138.658292,-34.95832421,Glenside - Beaumont
146.2705954,-20.06849926,Charters Towers
151.1611176,-33.89588257,Petersham - Stanmore
115.6416928,-32.70072287,Dawesville - Bouvard
145.0390757,-37.95901427,Cheltenham - Highett (West)
146.35838,-35.99126993,Corowa
145.0085402,-37.89338186,Elsternwick
153.3726397,-27.98837301,Ashmore
145.7314848,-16.98808275,Mount Sheridan
136.8830682,-30.5150155,Roxby Downs
151.1316624,-33.80105092,North Ryde - East Ryde
147.1132852,-35.04316664,Wagga Wagga Region
152.9631479,-27.53048803,Fig Tree Pocket
151.0516507,-33.97161798,Peakhurst - Lugarno
115.9971034,-33.7022592,Donnybrook - Balingup
151.1778048,-33.855104,Balmain
145.083846,-37.82511777,Surrey Hills (West) - Canterbury
147.9533257,-32.18332447,Narromine
145.970429,-37.6772,Upper Yarra Valley
138.6273773,-34.90413754,St Peters - Marden
153.0228003,-27.45830195,Spring Hill
145.3248449,-37.78037018,Mooroolbark
138.7067467,-34.68649419,Craigmore - Blakeview
151.2256155,-33.8671685,Potts Point - Woolloomooloo
150.1900155,-34.48515999,Southern Highlands
115.9605975,-31.8354825,Beechboro
115.825328,-32.2435085,Parmelia - Orelia
150.972856,-33.87408839,Fairfield - East
149.0830962,-35.45724804,Gordon (ACT)
149.0197215,-35.39333186,Tuggeranong - West
153.0931941,-27.505395,Carina Heights
151.4704606,-33.3783435,Bateau Bay - Killarney Vale
145.280809,-37.81584364,Croydon South
151.2474246,-33.976476,Malabar - La Perouse - Chifley
130.9946627,-12.48084934,Palmerston - North
115.8976118,-31.85748793,Malaga
151.4435614,-33.076704,Morisset - Cooranbong
130.9359988,-12.43380975,Berrimah
153.01576,-27.42171204,Grange
151.0222194,-33.90123919,Yagoona - Birrong
144.6826862,-37.4395485,Riddells Creek
143.8996233,-23.8728585,Longreach
150.9771154,-33.81367922,Wentworthville - Westmead
149.0804457,-35.43480253,Bonython
153.0008881,-27.42537961,Alderley
153.2569801,-27.50705286,Ormiston
116.0566409,-32.16669493,Mount Nasura - Mount Richon - Bedfordale
150.8953875,-34.4892295,Port Kembla - Warrawong
138.404958,-35.493126,Yankalilla
151.0747104,-34.1068535,Royal National Park
116.1341744,-34.42222302,Pemberton
145.7267388,-16.92789584,Kanimbla - Mooroobool
138.7312151,-34.80174964,Redwood Park
147.130387,-41.42133416,Invermay
151.1229568,-33.82972903,Gladesville - Huntleys Point
115.8702284,-32.10346958,Jandakot
115.878598,-32.094042,Jandakot Airport
116.175919,-34.2734375,Manjimup
140.0546415,-36.79427474,Kingston - Robe
115.9885458,-32.16475112,Armadale - Wungong - Brookdale
145.015356,-37.91373696,Brighton East
152.9687596,-27.617797,Forest Lake - Doolandella
148.4878187,-20.39780701,Proserpine
147.4363591,-41.88064982,Northern Midlands
146.4012043,-38.37235472,Churchill
151.2966248,-33.688761,Warriewood - Mona Vale
152.2800163,-27.56479649,Gatton
151.8588048,-27.700027,Cambooya - Wyreema
149.0491385,-21.277993,Walkerston - Eton
115.9049217,-32.09431341,Canning Vale - West
150.7610523,-33.52629098,Kurrajong Heights - Ebenezer
151.0584648,-33.8385487,Homebush Bay - Silverwater
144.8995822,-37.72394123,Essendon Airport
152.5996817,-28.02719288,Boonah
115.7974244,-31.79104681,Woodvale
144.8825233,-37.81815552,Yarraville
152.9522469,-27.41270894,Keperra
149.1793162,-21.16188185,South Mackay
146.9591346,-36.165248,Wodonga
151.149684,-33.710608,Turramurra
152.9994884,-27.1237395,Burpengary - East
144.9339524,-37.72373608,Pascoe Vale
151.9172856,-29.63189946,Glen Innes
141.5728026,-38.34105049,Portland
141.7700178,-13.60264401,Aurukun
151.0315443,-33.95856402,Padstow
142.1934345,-34.23443874,Irymple
151.2254009,-33.9704755,Port Botany Industrial
151.0316983,-33.99356596,Illawong - Alfords Point
145.1468158,-37.84032909,Blackburn South
121.4705938,-30.75721964,Kalgoorlie
149.1162605,-35.27947579,Acton
144.9205229,-37.70336043,Glenroy - Hadfield
152.8754517,-25.30982034,Urangan - Wondunna
151.2529805,-33.92228634,Coogee - Clovelly
145.0711338,-37.89484072,Murrumbeena
153.4515179,-28.096226,Burleigh Heads
115.7872796,-31.68739319,Carramar
130.8744847,-12.37960069,Alawa
151.3137172,-33.65325348,Newport - Bilgola
151.293291,-33.80432711,Manly - Fairlight
121.5266881,-30.77240499,Trafalgar (WA)
144.9639841,-37.82667011,Southbank
145.1774292,-38.10264073,Carrum Downs
138.5622587,-35.00325575,Mitchell Park
145.1226519,-37.80622989,Box Hill North
144.9943158,-37.87052815,St Kilda East
138.6780881,-34.7770935,Salisbury East
138.6849046,-34.72625752,Elizabeth East
138.8648685,-34.38675979,Light
149.5318253,-29.32140888,Moree Region
148.2176882,-40.39185046,Flinders and Cape Barren Islands
115.8661478,-32.0768715,Leeming
138.6118538,-34.89442453,Walkerville
149.0621947,-35.35130735,Waramanga
151.0042489,-33.8394845,Granville - Clyde
149.0717657,-35.1913629,Gooromon
153.1704313,-27.71123657,Edens Landing - Holmview
138.9670483,-35.06954661,Mount Barker Region
144.2663463,-36.7483915,Bendigo
115.7375728,-32.5546856,Mandurah - South
146.7219725,-36.3530625,Beechworth
146.0071794,-38.69537528,Foster
145.251836,-37.73899192,Warrandyte - Wonga Park
151.7203787,-28.2296435,Southern Downs - West
150.9998071,-33.92851582,Condell Park
151.0863402,-33.80850675,West Ryde - Meadowbank
145.7532291,-17.0129395,Edmonton
138.7938708,-35.50851564,Goolwa - Port Elliot
142.9754997,-18.51453026,Croydon - Etheridge
116.8247345,-22.52523767,Ashburton (WA)
153.3902284,-27.8873208,Paradise Point - Hollywell
143.8677283,-36.38347345,Loddon
151.7429243,-32.94672205,Merewether - The Junction
138.5150573,-35.15031778,Hackham West - Huntfield Heights
144.9437374,-37.76434217,Brunswick West
153.1278618,-26.69300501,Buddina - Minyama
130.9705651,-12.47910075,Durack - Marlow Lagoon
143.435905,-37.48230385,Beaufort
149.1447871,-21.02512851,Shoal Point - Bucasia
153.0480903,-26.709399,Buderim - South
150.8689503,-33.9486685,Prestons - Lurnea
151.8356483,-26.5251355,Kingaroy
146.266728,-41.46347497,Sheffield - Railton
151.8432562,-27.56747451,Toowoomba - West
152.9246263,-27.59470476,Wacol
138.6427928,-34.64191049,Munno Para West - Angle Vale
144.6686132,-37.74630265,Rockbank - Mount Cottrell
135.6480686,-13.099482,East Arnhem
115.8656859,-31.8347315,Alexander Heights - Koondoola
144.9307129,-37.78257292,Flemington
150.9364986,-32.60526161,Singleton Region
153.0441794,-27.43338785,Albion
149.5893408,-28.54712966,Inglewood - Waggamba
147.6403075,-37.82387417,Bairnsdale
151.2191678,-33.87935538,Darlinghurst
115.9596972,-31.97866486,Kewdale Commercial
129.7247268,-14.097659,Thamarrurr
147.9435333,-28.2852862,Balonne
153.0329032,-27.40748401,Kedron - Gordon Park
149.1769216,-21.0910025,Andergrove - Beaconsfield
159.0857981,-31.55344662,Lord Howe Island
149.4170739,-31.30918281,Coonabarabran
144.6983845,-37.68593553,Hillside
144.9132692,-37.83417952,Port Melbourne Industrial
151.1682429,-33.9208724,Sydenham - Tempe - St Peters
153.4347835,-28.0395131,Mermaid Beach - Broadbeach
151.1946255,-33.87345184,Pyrmont - Ultimo
142.3108408,-10.97605386,Northern Peninsula
148.9813344,-35.21772926,West Belconnen
149.0977849,-35.18738652,Nicholls
138.6406282,-35.02813689,Blackwood
149.1786244,-35.1834625,Gungahlin - East
147.9432999,-37.8335155,Lakes Entrance
153.0867869,-27.73334568,Chambers Flat - Logan Reserve
150.5956778,-29.6541963,Inverell Region - West
150.9276631,-33.87072167,Fairfield - West
151.0773302,-33.94894426,Narwee - Beverly Hills
150.7484637,-33.65268584,Yarramundi - Londonderry
145.1217761,-37.78408378,Doncaster
138.6378147,-35.11914707,Clarendon
151.0322924,-33.74768126,West Pennant Hills
116.0663096,-31.3578866,Chittering
152.9820408,-27.31423499,Strathpine - Brendale
151.0258179,-33.85163284,Auburn - Central
145.2659905,-37.77397864,Croydon Hills - Warranwood
146.1529025,-18.6511735,Ingham
140.4702577,-23.7875289,Far Central West
145.3855424,-37.78750827,Mount Evelyn
151.2049444,-33.89162319,Redfern - Chippendale
150.8674224,-31.09220274,Tamworth - West
144.530236,-37.84089427,Wyndham Vale
152.4615154,-30.9055585,Kempsey Region
151.2151448,-33.95606662,Banksmeadow
138.6003467,-34.92569483,Adelaide
116.0433551,-31.8921205,Swan View - Greenmount - Midvale
115.7440602,-31.78434399,Mullaloo - Kallaroo
147.0336866,-43.18292626,Cygnet
149.4204914,-24.0077385,Central Highlands - East
149.0956056,-35.43007942,Isabella Plains
153.0754701,-26.65576049,Maroochydore - Kuluin
115.7727134,-31.57697811,Carabooda - Pinjar
149.0453113,-35.19188114,Fraser
147.0786438,-42.76754089,New Norfolk
153.1521686,-27.69574194,Bethania - Waterford
149.0338224,-35.318419,Wright
148.8031555,-26.57482149,Roma
116.3144981,-31.80880362,Chidlow
146.3687451,-26.136097,Charleville
130.8822847,-12.41039574,Darwin Airport
115.7589722,-31.86595296,Trigg - North Beach - Watermans Bay
152.1406576,-27.677914,Lockyer Valley - West
150.0038392,-31.00057749,Gunnedah Region
115.8039942,-31.82870405,Greenwood - Warwick
153.0821969,-27.24794904,Clontarf
149.0939191,-35.24397702,Bruce
151.6708585,-33.01926845,Belmont - Bennetts Green
153.0606466,-27.44769002,Bulimba
149.0650471,-35.25202524,Macquarie
116.0076144,-31.982937,Forrestfield - Wattle Grove
150.4498483,-33.72382998,Lawson - Hazelbrook - Linden
115.851574,-31.85667804,Balga - Mirrabooka
115.9998592,-31.91738937,Hazelmere - South Guildford
151.4928065,-33.35622636,The Entrance
145.1426164,-38.1069866,Seaford (Vic.)
144.8653851,-37.78271985,Braybrook
153.0257552,-27.50067357,Fairfield - Dutton Park
144.7923891,-36.04433607,Moama
145.7596556,-16.97753749,White Rock
115.7434972,-31.72754941,Currambine - Kinross
130.8354486,-12.41232427,East Point
130.8913073,-12.39882535,Malak - Marrara
144.3021026,-38.05563173,Corio - Norlane
145.1712122,-38.23428847,Somerville
151.2888719,-33.7559075,Dee Why - North Curl Curl
151.3930594,-33.46815907,Kincumber - Picketts Valley
151.2500372,-23.87676353,Kin Kora - Sun Valley
126.5881407,-15.48704047,Kununurra
117.8674965,-34.95371696,McKail - Willyung
149.1442335,-35.16704556,Forde
151.1696771,-33.822954,Lane Cove - Greenwich
115.7786703,-32.33027104,Rockingham Lakes
144.8811738,-37.83936356,Newport
151.3097294,-33.17155811,Jilliby - Yarramalong
143.6656254,-38.29711859,Colac Region
149.083112,-35.15411177,Gungahlin - West
153.2281135,-27.539122,Alexandra Hills
144.9815708,-37.84082899,South Yarra - West
153.1062007,-27.53200698,Mansfield (Qld)
145.2838166,-37.87776601,Ferntree Gully
153.2315701,-27.76210249,Ormeau - Yatala
152.063701,-32.3461295,Bulahdelah - Stroud
150.8529247,-34.5550906,Warilla
149.1358622,-35.30903008,Kingston - Barton
140.8327417,-37.83119976,Mount Gambier
153.4897292,-28.1467505,Currumbin - Tugun
122.223981,-17.95371446,Broome
148.9716555,-36.9111455,Bombala
134.7568319,-29.01542355,Coober Pedy
140.5733006,-37.82443041,Grant
152.9118976,-27.65545601,Springfield
146.7843334,-36.11220636,West Wodonga
151.933843,-27.60265435,Darling Heights
146.1397153,-36.59743684,Benalla Region
149.144675,-35.29628149,Parkes (ACT)
153.0705597,-27.41625384,Hendra
114.9879321,-28.08092,Northampton - Mullewa - Greenough
152.3503787,-24.87089407,Bundaberg
145.2282297,-37.7955558,Ringwood North
150.2891501,-35.1428599,Ettrema - Sassafras - Budawang
147.3135099,-35.12582934,Wagga Wagga - West
144.9881022,-37.8024878,Collingwood
153.025908,-27.4703975,Brisbane City
145.1258749,-37.82291603,Box Hill
150.8978531,-33.93338799,Lurnea - Cartwright
145.6393075,-36.4051855,Shepparton Region - East
153.1935316,-27.5400515,Capalaba
138.6251253,-35.04567463,Coromandel Valley
152.9679832,-27.353627,Albany Creek
149.1110973,-35.22665248,Kaleen
138.5883515,-35.00604796,Panorama
148.6295298,-32.26710402,Dubbo - South
145.8962965,-41.071139,Acton - Upper Burnie
153.3623396,-27.973904,Molendinar
153.2717949,-28.09067704,Guanaba - Springbrook
115.86771,-32.22910292,Casuarina - Wandi
115.869594,-32.244496,Casuarina - Wellard (East)
144.8860377,-37.745712,Niddrie - Essendon West
148.3422704,-34.3199645,Young
153.0068743,-27.48234101,West End
151.0877808,-33.8447355,Concord West - North Strathfield
153.128202,-26.7222135,Parrearra - Warana
153.4352197,-28.08425983,Burleigh Waters
143.7055601,-36.9679472,Maryborough Region
149.1434393,-35.24276911,Downer
153.1025007,-27.25003646,Margate - Woody Point
144.9861337,-37.78411482,Fitzroy North
147.7328155,-42.81054617,Dodges Ferry - Lewisham
151.2479032,-23.85833301,West Gladstone
152.943959,-27.37785201,Hills District
136.7788026,-12.182825,Nhulunbuy
152.0128157,-28.2366465,Warwick
138.6741287,-34.898983,Rostrevor - Magill
151.1607389,-33.88102024,Leichhardt - Annandale
149.6725504,-36.8716975,Bega-Eden Hinterland
150.8011499,-33.80891097,Erskine Park
121.738156,-33.48606576,Esperance Region
151.2101742,-23.837817,Callemondah
150.9540729,-33.8690471,Fairfield
141.3741077,-36.97458881,West Wimmera
152.9997592,-27.4639,Paddington - Milton
144.9631498,-37.81422833,Melbourne
138.509416,-35.07384627,Hallett Cove
138.4908814,-35.1081005,Lonsdale
150.9465857,-33.84447632,Smithfield Industrial
153.0341578,-27.31792875,Bracken Ridge
115.9559629,-32.09843581,Huntingdale - Southern River
138.074465,-33.36516752,Port Pirie Region
151.0668744,-33.74144167,Pennant Hills - Cheltenham
143.8202001,-37.357916,Creswick - Clunes
151.0743602,-33.89675737,Strathfield South
152.4538956,-25.68955352,Maryborough Region - South
147.0312817,-33.91514601,West Wyalong
150.7330889,-23.15106999,Yeppoon
144.0510109,-37.63499584,Gordon (Vic.)
143.5123771,-35.36161344,Swan Hill
138.5098669,-34.94823401,West Beach
151.1148785,-33.80855558,Ryde
138.8733248,-34.95056664,Lobethal - Woodside
151.1794271,-33.34060545,Calga - Kulnura
115.9478048,-31.99134142,Welshpool
145.0792954,-37.86725578,Ashburton (Vic.)
146.6887692,-19.4344855,Kelso
152.9462411,-27.56816102,Darra - Sumner
115.7842527,-31.97959036,Claremont (WA)
151.7640186,-32.87854923,Newcastle Port - Kooragang
152.7441127,-30.7228415,Nambucca Heads Region
149.0904512,-35.41448507,Monash
151.2418198,-33.88537137,Woollahra
137.685538,-34.03682595,Moonta
115.8464299,-32.05653561,Bateman
138.4709113,-34.51044354,Mallala
148.1617184,-23.52984169,Emerald
131.0445104,-12.46753337,Howard Springs
152.7139406,-25.58408899,Granville
151.0750782,-33.716499,Normanhurst - Thornleigh - Westleigh
150.6890105,-33.77026735,Jamisontown - South Penrith
115.9708852,-31.94854344,Perth Airport
153.1670738,-27.46575439,Manly West
151.1073928,-33.9841555,South Hurstville - Blakehurst
153.1102737,-27.60209324,Underwood
145.3164972,-36.00010535,Numurkah
130.8622331,-12.39063975,Millner
147.0177868,-41.12750632,George Town
115.8787602,-32.14120982,Banjup
153.4060066,-28.01189972,Bundall
150.9049171,-33.90128291,Cabramatta West - Mount Pritchard
144.4730613,-38.24741851,Ocean Grove - Barwon Heads
144.7498374,-37.7147535,Taylors Hill
151.2063773,-33.90983287,Waterloo - Beaconsfield
151.2110238,-33.666908,Terrey Hills - Duffys Forest
145.0367054,-37.92035871,Bentleigh - McKinnon
153.10298,-27.77200041,Logan Village
150.9545677,-33.71375154,Kellyville
151.0299677,-34.0329105,Woronora Heights
142.10161,-36.80676072,Horsham Region
153.071842,-27.46602702,Morningside - Seven Hills
142.753929,-37.02529735,Stawell
151.212527,-33.79816399,Willoughby - Castle Cove - Northbridge
151.2346943,-33.89830553,Centennial Park
140.344586,-37.60412499,Millicent
149.0084871,-35.2551351,Molonglo Corridor
153.461085,-28.15727881,Currumbin Waters
151.0744516,-33.93399518,Roselands
148.8627332,-33.73483026,Cowra Region
167.9583414,-29.0292905,Norfolk Island
151.2085892,-34.0370285,Cronulla - Kurnell - Bundeena
150.8099365,-34.0569319,Campbelltown - Woodbine
145.9596469,-17.3018985,Babinda
144.8709556,-36.55923484,Rushworth
153.0372153,-27.47483531,Kangaroo Point
142.761279,-13.6836285,Cape York
145.038937,-37.97961257,Beaumaris
153.45864,-28.11552171,Palm Beach
147.3388131,-42.95361145,Taroona - Bonnet Hill
151.2757728,-33.88704358,Bondi Beach - North Bondi
151.0157719,-33.95424715,Revesby
148.913258,-20.11929997,Airlie - Whitsundays
153.0265167,-27.8640695,Jimboomba
147.2166542,-19.8499795,Burdekin
146.0106918,-23.706354,Barcaldine - Blackall
138.4922447,-34.87435975,West Lakes
149.1377033,-35.41459265,Gilmore
115.8506079,-31.80319803,Madeley - Darch - Landsdale
152.6596463,-25.54515649,Tinana
147.2651872,-41.5816635,Perth - Evandale
115.793627,-32.05983331,O'Connor (WA)
151.9257217,-27.523377,Wilsonton
150.6612763,-33.74731365,Emu Plains - Leonay
135.0099109,-19.41478836,Barkly
145.7760982,-35.42518034,Tocumwal - Finley - Jerilderie
146.6939285,-19.35459507,Condon - Rasmussen
146.7793026,-19.368806,Douglas
116.3874264,-33.88661415,Bridgetown - Boyup Brook
153.0052803,-27.49792049,St Lucia
144.9791336,-37.80104601,Fitzroy
153.145746,-27.60540836,Rochedale South - Priestdale
144.9911015,-36.21265554,Kyabram
151.626887,-32.34780291,Dungog
153.0268727,-30.382781,Sawtell - Boambee
150.931997,-33.73487405,Glenwood
152.6515682,-30.2021825,Dorrigo
138.7737742,-35.08944328,Hahndorf - Echunga
153.0612332,-27.32748734,Deagon
145.2158651,-38.10223134,Skye - Sandhurst
151.0417441,-34.04936105,Loftus - Yarrawarrah
151.294903,-23.891189,South Trees
150.8514918,-33.935133,Hoxton Park - Horningsea Park
153.2699523,-28.82296096,Lismore
145.0159717,-37.71451544,Reservoir - East
143.3352782,-37.14500049,Avoca
145.1829505,-37.90736151,Wheelers Hill
116.1935145,-31.64672041,Avon Valley National Park
138.7155886,-34.7660935,Greenwith
115.7746403,-31.8289115,Duncraig
152.8863369,-27.52789227,Pinjarra Hills - Pullenvale
115.8704656,-32.00164858,Como
150.4388807,-33.6016695,Blue Mountains - North
115.826756,-32.06986469,Murdoch - Kardinya
145.9919124,-36.574119,Benalla
147.4623552,-42.40953523,Southern Midlands
149.0980592,-35.2101235,Giralang
147.3240631,-42.87487046,Hobart
144.7731525,-37.78227268,Deer Park - Derrimut
149.9085475,-36.7361805,Bega - Tathra
131.6426132,-12.92659257,Alligator
150.8893822,-33.9148125,Ashcroft - Busby - Miller
149.7672414,-35.5058775,Braidwood
147.3001999,-42.84812138,Moonah
153.5785878,-28.78826715,Lennox Head - Skennars Head
145.4926815,-38.09262596,Pakenham - South
138.6256499,-34.72776554,Salisbury North
153.0335509,-27.38405439,Chermside
149.1624195,-21.05734752,Eimeo - Rural View
145.3838776,-37.72714604,Lilydale - Coldstream
147.8805431,-21.945217,Moranbah
115.7704409,-32.4819805,Mandurah - North
145.3522619,-37.93605326,Belgrave - Selby
152.7736102,-27.40798178,Lake Manchester - England Creek
148.2930983,-31.01828825,Coonamble
140.8721153,-34.14288061,Renmark Region
144.2413828,-37.08581649,Castlemaine
143.9477866,-37.96,Golden Plains - South
148.9296301,-35.61265206,Namadgi
151.2516787,-33.77448047,Manly Vale - Allambie Heights
145.3504666,-37.8106707,Montrose
138.587531,-31.396636,Flinders Ranges
145.0144011,-38.38459019,Flinders
153.0136462,-26.60327132,Bli Bli
151.2662247,-33.73175551,Cromer
153.1108796,-26.82663979,Golden Beach - Pelican Waters
147.3488826,-41.34107069,Dilston - Lilydale
115.7445566,-32.37091528,Port Kennedy
150.9329705,-33.79207156,Seven Hills - Toongabbie
152.3390501,-24.89092205,Svensson Heights - Norville
150.4282694,-34.491328,Bowral
151.1548058,-33.91224333,Marrickville
115.8341788,-32.01856795,Applecross - Ardross
153.4335484,-28.553564,Mullumbimby
153.0173195,-27.48731135,Highgate Hill
151.0810243,-33.876933,Strathfield
145.0238878,-37.96475442,Sandringham - Black Rock
145.3452482,-38.10333515,Cranbourne East
145.2612552,-37.95971659,Endeavour Hills
139.2162286,-35.19928347,Murray Bridge Region
149.0759641,-35.2173978,McKellar
149.1248289,-35.24264269,Lyneham
146.3202026,-35.60324608,Corowa Region
149.1220506,-21.09944649,Mount Pleasant - Glenella
151.5255252,-26.18058572,Kingaroy Region - North
115.1014823,-29.34142271,Irwin
115.5864561,-33.68435776,Busselton Region
152.9154158,-27.14778008,Morayfield
149.1067616,-35.20276804,Crace
150.8749964,-33.86521904,Bossley Park - Abbotsbury
147.3101485,-43.01819295,Kingston Beach - Blackmans Bay
152.96912,-27.26361351,Petrie
135.2937718,-15.49729321,Gulf
147.4032682,-35.14692513,Wagga Wagga - East
150.1334339,-33.483746,Lithgow
151.0336368,-33.87436389,Berala
144.9788582,-37.81833836,East Melbourne
150.7946447,-33.77757886,Colyton - Oxley Park
151.2221805,-23.890083,Clinton - New Auckland
145.3111806,-38.00696937,Narre Warren - North East
115.7542243,-31.757224,Heathridge - Connolly
151.1057867,-33.85217053,Concord - Mortlake - Cabarita
152.958602,-27.59126498,Inala - Richlands
146.1394174,-37.877301,Mount Baw Baw Region
149.1364944,-35.32651797,Griffith (ACT)
151.1083937,-29.76510314,Inverell
117.9183421,-34.96182132,Bayonet Head - Lower King
145.1632265,-37.94370244,Springvale
153.0117405,-27.613745,Pallara - Willawong
145.1247273,-37.65651885,Plenty - Yarrambat
152.9774237,-27.45965056,Bardon
153.3981166,-27.94600615,Labrador
115.7608566,-32.09473943,North Coogee
150.583553,-23.32766867,Frenchville - Mount Archer
146.8001391,-19.28853483,Hermit Park - Rosslea
151.3517198,-23.96162651,Boyne Island - Tannum Sands
149.0918956,-35.38235173,Mount Taylor
144.2497455,-37.6424415,Bacchus Marsh Region
152.8167067,-25.25691299,Point Vernon
144.3568352,-36.78365473,Strathfieldsaye
151.0279877,-33.91306317,Bankstown
138.5350635,-35.04339693,Marino - Seaview Downs
144.7582035,-37.8809685,Seabrook
138.6442949,-34.99723528,Belair
151.1957082,-33.81943289,St Leonards - Naremburn
116.383265,-31.46343278,Toodyay
115.8987079,-31.87556331,Noranda
145.180111,-37.883434,Glen Waverley - East
145.2914325,-37.82974202,Bayswater North
151.1023958,-34.03642271,Miranda - Yowie Bay
145.0771077,-37.8559351,Glen Iris - East
153.2769362,-29.4627085,Maclean - Yamba - Iluka
153.369458,-28.02238256,Carrara
150.9004005,-34.369697,Corrimal - Tarrawanna - Bellambi
151.1248059,-33.89060677,Ashfield
147.1815314,-41.46058217,Norwood (Tas.)
149.1594843,-33.645344,Blayney
149.1816734,-21.12240933,North Mackay
145.0958967,-38.19379228,Mount Eliza
152.6540674,-26.219634,Gympie - South
151.5451265,-33.2330045,Budgewoi - Buff Point - Halekulani
146.7247068,-38.49012423,Yarram
153.0486027,-27.39149041,Wavell Heights
145.0044464,-37.66175534,Lalor
149.0912999,-35.34599941,Phillip
144.679449,-37.93574511,Werribee - South
152.7220741,-27.61048202,Leichhardt - One Mile
153.6083613,-28.67974249,Byron Bay
153.2949379,-27.584551,Victoria Point
149.0812016,-35.25770415,Aranda
151.0954507,-24.105667,Gladstone Hinterland
148.0373742,-37.001249,Alps - East
137.3463418,-35.06780601,Yorke Peninsula - South
153.3957535,-27.18705971,Scarborough - Newport
145.4830628,-16.59088232,Port Douglas
153.396085,-28.33083,Murwillumbah
144.7798791,-36.18292849,Echuca
137.6902606,-34.49018749,Yorke Peninsula - North
151.6920396,-32.881016,Shortland - Jesmond
117.8910423,-35.01383127,Albany
145.9322316,-38.21096849,Warragul
150.7629347,-34.51604908,Dapto - Avondale
152.8349492,-25.36391349,Booral - River Heads
153.5305682,-28.17017648,Coolangatta
150.8617402,-33.91178672,Hinchinbrook
149.1019327,-35.31965032,Deakin
149.1087594,-35.4256468,Richardson
150.9947004,-33.78838749,Northmead
151.0418924,-33.86512805,Lidcombe
152.9501445,-27.49961536,Chapel Hill
151.2347678,-27.053032,Wambo
153.1494746,-30.0310315,Woolgoolga - Arrawarra
116.1786839,-31.75418004,Gidgegannup
147.0227925,-41.51568602,Hadspen - Carrick
153.1761828,-27.6523195,Shailer Park
151.988072,-27.58492552,Rangeville
153.205776,-27.7325605,Mount Warren Park
146.9449981,-36.0286015,Lavington
149.1093444,-33.30071983,Orange
143.578201,-38.3587489,Colac
115.7980265,-32.25605879,Calista
132.4272744,-21.73718622,Yuendumu - Anmatjere
152.9496007,-27.47613348,Mount Coot-tha
150.5432191,-34.04516822,The Oaks - Oakdale
153.155964,-27.5032915,Belmont - Gumdale
146.7543451,-19.28989196,Heatley
151.4003074,-33.42401339,Erina - Green Point
145.1148034,-37.84668666,Burwood
145.9139204,-17.71675565,Johnstone
153.0438793,-27.52592351,Tarragindi
114.6461088,-28.66799811,Geraldton - North
145.7814416,-17.05991551,Gordonvale - Trinity
144.5457433,-37.66298611,Melton West
150.6797306,-34.06071023,Camden - Ellis Lane
153.3693718,-27.936573,Arundel
149.0546116,-35.20982446,Melba
124.5055566,-31.61344975,Kambalda - Coolgardie - Norseman
145.298711,-38.07758162,Cranbourne North
152.8252718,-25.28644398,Pialba - Eli Waters
146.8056619,-38.17570251,Rosedale
150.8596893,-33.80806873,Prospect Reservoir
146.2486507,-41.221438,Turners Beach - Forth
145.1877743,-37.95309357,Noble Park North
145.176234,-37.96666,Noble Park
141.9256454,-37.54333547,Southern Grampians
153.0895044,-26.4675731,Peregian Beach - Marcus Beach
150.1201686,-23.36754305,Rockhampton Region - West
153.1657056,-28.09614476,Tamborine - Canungra
150.9673458,-33.84443422,Guildford West - Merrylands West
143.7998255,-37.49737369,Wendouree - Miners Rest
143.9373161,-35.71972598,Kerang
145.2993155,-31.97490924,Cobar
138.2191857,-33.93379287,Wakefield - Barunga West
150.8926497,-33.75007597,Blacktown (North) - Marayong
149.891693,-37.030587,Eden
152.9244411,-27.18775807,Narangba
115.5349289,-24.54450652,Exmouth
151.2128832,-33.88424059,Surry Hills
144.1834696,-37.31403708,Daylesford
145.1365623,-40.84535717,Smithton
147.160466,-41.46868857,Kings Meadows - Punchbowl
121.4469588,-30.74018896,Kalgoorlie - North
147.348365,-42.82859413,Geilston Bay - Risdon
150.9979733,-33.7027765,Glenhaven
153.0246926,-27.53482687,Moorooka
115.9978293,-32.26743094,Mundijong
143.838072,-37.5569774,Ballarat
130.7012595,-16.78131044,Victoria River
149.8419213,-29.46101477,Moree
150.8451109,-34.63736091,Kiama Downs - Minnamurra
142.6816333,-9.397016511,Torres Strait Islands
138.6421391,-34.93661426,Toorak Gardens
144.1779001,-38.06146575,Bannockburn
138.7181884,-17.38794511,Carpentaria
142.4797052,-38.3426015,Warrnambool - North
151.0756256,-33.91812248,Lakemba - Wiley Park
147.1840077,-41.41658676,Ravenswood
150.8997008,-32.3107205,Muswellbrook
145.7834315,-38.41711288,Korumburra
138.914321,-35.033045,Nairne
151.5357157,-33.10796691,Bonnells Bay - Silverwater
144.6134427,-38.24271952,Queenscliff
148.3425937,-35.54110349,Tumut Region
150.7385254,-33.76489507,Kingswood - Werrington
144.7740349,-37.91428091,Point Cook - East
145.7362546,-16.9019137,Whitfield - Edge Hill
144.68191,-38.16564053,Portarlington
150.4693916,-33.13536239,Wollangambe - Wollemi
142.1098925,-38.14431952,Moyne - West
150.7326921,-33.99621015,Cobbitty - Leppington
151.9280941,-27.84528643,Clifton - Greenmount
144.5625876,-37.92441253,Werribee - West
138.4996792,-33.27167866,Jamestown
115.9292465,-32.09149065,Canning Vale - East
152.4209342,-26.77841881,Kilcoy
152.8928071,-27.609431,Goodna
150.8234582,-34.56504617,Shellharbour - Oak Flats
153.102523,-26.4203665,Sunshine Beach
145.2458897,-16.22983276,Daintree
149.1312875,-35.3030273,Parkes (ACT) - South
145.1930156,-37.6371525,Hurstbridge
149.129426,-35.15126225,Jacka
115.9973682,-32.2164695,Byford